week,M1-2_PVA_spend,M1-2_STV_spend,M1-2_amg_spend,M1-2_demandgen_spend,M1-2_display_spend,M1-2_fb_spend,M1-2_reddit_spend,M1-2_search_spend,M1-2_tiktok_spend,M1-2_twitter_spend,M1-2_youtube_spend,M3_amg_spend,M3_bing_spend,M3_fb_spend,M3_pmax_spend,M3_search_spend,M3_tiktok_spend,M1-2_PVA_impressions,M1-2_STV_impressions,M1-2_amg_impressions,M1-2_demandgen_impressions,M1-2_display_impressions,M1-2_fb_impressions,M1-2_reddit_impressions,M1-2_search_impressions,M1-2_tiktok_impressions,M1-2_twitter_impressions,M1-2_youtube_impressions,M3_amg_impressions,M3_bing_impressions,M3_fb_impressions,M3_pmax_impressions,M3_search_impressions,M3_tiktok_impressions,PVA_spend,STV_spend,amg_spend,bing_spend,demandgen_spend,display_spend,fb_spend,pmax_spend,reddit_spend,search_spend,tiktok_spend,twitter_spend,youtube_spend,PVA_impressions,STV_impressions,amg_impressions,bing_impressions,demandgen_impressions,display_impressions,fb_impressions,pmax_impressions,reddit_impressions,search_impressions,tiktok_impressions,twitter_impressions,youtube_impressions,M1-2_spend,M3_spend,M1-2_impressions,M3_impressions,KOL_spend,KOL_impression,offine sales,amz_rev,dtc_rev,total_sales,promotion,Coachella,New York Store,OOH,finecast_spend,finecast_impression,google_search_index,amazon_search_volume,M1-2_Max_spend,M1-2_Max_impression,M3_SA_spend,M3_SA_impression
2023/1/1,0,0,18331.9072,0,0,0,0,0,0,0,0,35844.57674,1098.41,0,3977.729383,6767.37,0,0,0,3272587,0,0,0,0,0,0,0,0,6547339,108430,0,912934,75539,0,0,0,54176.48394,1098.41,0,0,0,3977.729383,0,6767.37,0,0,0,0,0,9819926,108430,0,0,0,912934,0,75539,0,0,0,18331.9072,47688.08612,3272587,7644242,0,0,2278315.98422075,7151942.1,197953.19,9628211.274,0,0,0,0,0,0,65,144941,0,0,107276.97,24563029
2023/1/8,0,0,21453.40124,0,0,1918.6,0,0,0,0,0,35919.85321,990.38,0,1157.793417,6280.05,0,0,0,3379384,0,0,279124,0,0,0,0,0,5746151,89687,0,235331,73774,0,0,0,57373.25445,990.38,0,0,1918.6,1157.793417,0,6280.05,0,0,0,0,0,9125535,89687,0,0,279124,235331,0,73774,0,0,0,23372.00124,44348.07663,3658508,6144943,0,0,2052748.40471984,7038815.72,193824.42,9285388.545,0,0,0,0,0,0,67,142218,0,0,103443.83,22098296
2023/1/15,0,0,22131.34352,0,0,4626.85,0,0,0,400.082171,0,38908.25112,1003.06,6056.36,3408.40149,5184.73,0,0,0,3716690,0,0,517836,0,0,0,175522,0,6001531,63534,482751,833909,61950,0,0,0,61039.59464,1003.06,0,0,10683.21,3408.40149,0,5184.73,0,400.082171,0,0,0,9718221,63534,0,0,1000587,833909,0,61950,0,175522,0,27158.27569,54560.80261,4410048,7443675,0,0,1790247.75044299,6318167.79,255337.4,8363752.94,0,0,0,0,0,0,59,128823,0,0,98333.84,17940268
2023/1/22,0,0,21724.21038,0,0,6937.62,0,0,0,0,0,38071.4162,868.26,5607.45,3853.83081,6616.28,0,0,0,3565778,0,0,694551,0,0,0,0,0,5948745,80668,515811,914808,65250,0,0,0,59795.62658,868.26,0,0,12545.07,3853.83081,0,6616.28,0,0,0,0,0,9514523,80668,0,0,1210362,914808,0,65250,0,0,0,28661.83038,55017.23701,4260329,7525282,0,0,1986120.48475083,6328446.6,236000.83,8550567.915,0,0,0,0,0,0,57,126905,0,0,98583.94,18565348
2023/1/29,0,0,33845.77286,0,22886.97432,29107.5,0,0,0,8188.958837,0,38456.85543,989.17,9412.2,4225.35732,9246.26,0,0,0,4446249,0,6501282,7611250,0,0,0,4231241,0,5804679,55090,754912,909901,82777,0,0,0,72302.62829,989.17,0,22886.97432,38519.7,4225.35732,0,9246.26,0,8188.958837,0,0,0,10250928,55090,0,6501282,8366162,909901,0,82777,0,4231241,0,94029.20602,62329.84275,22790022,7607359,0,0,2411411.64643832,6710330.19,346544.15,9468285.986,0,0,0,0,0,0,59,125479,0,0,114275.94,20923814
2023/2/5,0,0,32255.94745,0,0,8418.99,0,0,0,1743.59663,92.087347,45299.7047,958.76,24911.63,5362.163133,13779.8,0,0,0,4653024,0,0,1728609,0,0,0,781922,11915,6557277,60032,1573764,1131606,112535,0,0,0,77555.65215,958.76,0,0,33330.62,5362.163133,0,13779.8,0,1743.59663,92.087347,0,0,11210301,60032,0,0,3302373,1131606,0,112535,0,781922,11915,42510.62143,90312.05783,7175470,9435214,0,0,1835491.04162692,6547730.98,310423.18,8693645.202,0,0,0,0,0,0,58,128576,0,0,116251.47,21709198
2023/2/12,0,0,33423.74922,0,255.21728,25336.43,0,0,0,4665.30108,8592.99856,57885.67545,1957.94,26158.88,4992.012342,18171.52,0,0,0,4479823,0,51019,6476999,0,0,0,2471199,983314,7829619,83812,2122784,981918,141729,0,0,0,91309.42467,1957.94,0,255.21728,51495.31,4992.012342,0,18171.52,0,4665.30108,8592.99856,0,0,12309442,83812,0,51019,8599783,981918,0,141729,0,2471199,983314,72273.69614,109166.0278,14462354,11159862,0,0,1993937.12437318,6243466.82,367340.58,8604744.524,0,0,0,0,0,0,60,127148,0,0,127878.88,21455590
2023/2/19,0,0,31022.55694,0,1515.316899,16623.19,0,0,0,3847.981276,10464.06787,51891.17581,1995.95,26862.24,5970.304094,21324.19,0,0,0,3538401,0,304706,3746302,0,0,0,2058509,1179147,7115899,54360,2033760,1155273,143624,0,0,0,82913.73275,1995.95,0,1515.316899,43485.43,5970.304094,0,21324.19,0,3847.981276,10464.06787,0,0,10654300,54360,0,304706,5780062,1155273,0,143624,0,2058509,1179147,63473.11298,108043.8599,10827065,10502916,0,0,2039744.0926401,6582376.36,385182.77,9007303.223,0,0,0,0,0,0,56,135690,0,0,139640.99,26814798
2023/2/26,0,0,30094.89827,0,1180.19916,6373.88,0,0,0,4551.681269,7214.88431,52388.82385,2015.86,15390.9,5122.369017,17844.84,0,0,0,3224288,0,475395,1030124,0,0,0,2561783,849221,6842484,116439,1388837,961793,131616,0,0,0,82483.72212,2015.86,0,1180.19916,21764.78,5122.369017,0,17844.84,0,4551.681269,7214.88431,0,0,10066772,116439,0,475395,2418961,961793,0,131616,0,2561783,849221,49415.54301,92762.79287,8140811,9441169,0,0,1871110.69923566,6511626.23,250469.71,8633206.639,0,0,0,0,0,0,57,127637,0,0,128821.41,24112511
2023/3/5,0,0,17546.66183,0,294.556099,1356.14,0,0,0,2017.085264,1946.659773,37797.79592,2261.34,13375.26,6130.801204,14027.72,0,0,0,1896421,0,133739,187026,0,0,0,1023747,213289,4770602,173141,1114369,1134766,108169,0,0,0,55344.45775,2261.34,0,294.556099,14731.4,6130.801204,0,14027.72,0,2017.085264,1946.659773,0,0,6667023,173141,0,133739,1301395,1134766,0,108169,0,1023747,213289,23161.10297,73592.91712,3454222,7301047,0,0,1918978.93271773,7000660.94,199915.31,9119555.183,0,0,0,0,0,0,57,130437,0,0,132446.82,22465898
2023/3/12,0,0,21068.40704,0,1927.64358,957.1,0,0,0,777.736612,0,53206.76953,3203.11,19100.9,9315.91606,16410.88,16132.46,0,0,2107950,0,620555,128093,0,0,0,330235,0,5777620,262854,1537390,1856133,117023,2506391,0,0,74275.17657,3203.11,0,1927.64358,20058,9315.91606,0,16410.88,16132.46,777.736612,0,0,0,7885570,262854,0,620555,1665483,1856133,0,117023,2506391,330235,0,24730.88723,117370.0356,3186833,12057411,0,0,1944722.32321957,6649097.6,247899.11,8841719.033,0,0,0,0,0,0,61,127889,0,0,136959.91,20996705
2023/3/19,0,0,33232.64387,0,758.744151,1186.87,0,0,0,922.995435,0,44449.07467,595.9,30326.61,5776.49528,16190.11,8023.8,0,0,4581469,0,257266,161968,0,0,0,461662,0,5113469,46082,2356367,862393,124412,1369863,0,0,77681.71854,595.9,0,758.744151,31513.48,5776.49528,0,16190.11,8023.8,922.995435,0,0,0,9694938,46082,0,257266,2518335,862393,0,124412,1369863,461662,0,36101.25346,105361.99,5462365,9872586,0,0,1924148.93201757,6638826.62,328440.5,8891416.052,0,0,0,0,0,0,59,128966,0,0,138991.73,21583040
2023/3/26,0,0,30155.21433,0,984.039654,785.23,0,0,0,800.001011,0,46648.95622,0,16058.16,10422.31845,20733.83,2206.64,0,0,3302347,0,240983,118162,0,0,0,312307,0,5184004,0,1415369,1265197,142803,326039,0,0,76804.17055,0,0,984.039654,16843.39,10422.31845,0,20733.83,2206.64,800.001011,0,0,0,8486351,0,0,240983,1533531,1265197,0,142803,326039,312307,0,32724.485,96069.90467,3973799,8333412,0,0,1970703.59484301,6380699.82,316660.62,8668064.035,0,0,0,0,0,0,60,130708,0,0,134605.14,20311273
2023/4/2,0,0,20033.12358,0,759.663569,3791.71,0,0,0,2396.821977,0,45445.16708,0,2168.51,4054.542284,15826.67,0,0,0,2012817,0,293569,685731,0,0,0,1596044,0,5267249,0,200824,696173,116858,0,0,0,65478.29066,0,0,759.663569,5960.22,4054.542284,0,15826.67,0,2396.821977,0,0,0,7280066,0,0,293569,886555,696173,0,116858,0,1596044,0,26981.31913,67494.88936,4588161,6281104,0,0,1829813.36683189,5998783.46,204113.54,8032710.367,0,0,0,0,0,0,59,122464,0,0,134756.04,19534830
2023/4/9,0,0,30036.16743,0,905.51187,6602.91,0,0,0,3381.336772,0,55297.69294,0,3432.86,3923.883148,19561.59847,0,0,0,2814721,0,302345,919014,0,0,0,2349241,0,6004347,0,265439,708160,124210,0,0,0,85333.86037,0,0,905.51187,10035.77,3923.883148,0,19561.59847,0,3381.336772,0,0,0,8819068,0,0,302345,1184453,708160,0,124210,0,2349241,0,40925.92607,82216.03456,6385321,7102156,0,0,2073074.31928701,6517910.6,214407.63,8805392.549,0,0,0,0,0,0,58,128329,0,0,129314.76,19286996
2023/4/16,0,0,39569.15488,0,956.967657,9513.94,0,0,0,2431.747683,0,60258.41416,1.2,7683.42,6266.476446,14175.12985,0,0,0,3504953,0,201199,1264877,0,0,0,1430073,0,5468683,18,738329,757300,102736,0,0,0,99827.56904,1.2,0,956.967657,17197.36,6266.476446,0,14175.12985,0,2431.747683,0,0,0,8973636,18,0,201199,2003206,757300,0,102736,0,1430073,0,52471.81022,88384.64046,6401102,7067066,0,0,2001379.38392054,6262158.96,217890.24,8481428.584,0,0,0,0,0,0,55,116131,0,0,133090.69,20959333
2023/4/23,0,0,31835.49914,0,1494.925191,5598.45,0,0,0,3296.876339,0,60801.47235,0,22167.07,6528.048539,19339.25889,2000,0,0,2893577,0,270384,748685,0,0,0,2070321,0,5042414,0,2190859,629569,129702,311758,0,0,92636.97149,0,0,1494.925191,27765.52,6528.048539,0,19339.25889,2000,3296.876339,0,0,0,7935991,0,0,270384,2939544,629569,0,129702,311758,2070321,0,42225.75067,110835.8498,5982967,8304302,0,0,1905710.04146474,6298540.36,217903.84,8422154.241,0,0,0,0,0,0,59,119716,0,0,178877.76,27086654
2023/4/30,0,0,29438.99034,0,0,502.6,0,0,0,0,0,44746.34685,0,37164.88,9791.787113,15070.29357,0,0,0,2306245,0,0,113334,0,0,0,0,0,4108387,0,3843035,1024019,109201,0,0,0,74185.33719,0,0,0,37667.48,9791.787113,0,15070.29357,0,0,0,0,0,6414632,0,0,0,3956369,1024019,0,109201,0,0,0,29941.59034,106773.3075,2419579,9084642,0,0,2178014.6216855,6582344.4,225592.08,8985951.102,0,0,0,0,0,0,56,117303,0,0,181171.9,26750582
2023/5/7,0,0,25906.86122,0,1581.088914,15280.35,0,0,0,400.151892,0,48461.53608,0,20042.92,6195.125233,13367.74665,0,0,0,1822905,0,229755,2480438,0,0,0,177013,0,4333741,0,2177531,725561,94587,0,0,0,74368.3973,0,0,1581.088914,35323.27,6195.125233,0,13367.74665,0,400.151892,0,0,0,6156646,0,0,229755,4657969,725561,0,94587,0,177013,0,43168.45203,88067.32796,4710111,7331420,0,0,2264337.06699542,7507349.2,250772.01,10022458.28,0,0,0,0,0,0,57,122807,0,0,213770.92,29737173
2023/5/14,0,0,26201.72708,0,0,12855.45,0,0,0,0,0,45575.79106,0,0,8338.462996,13215.7818,14405.8,0,0,2071180,0,0,2291648,0,0,0,0,0,3622280,0,0,1013311,96949,2430636,0,0,71777.51814,0,0,0,12855.45,8338.462996,0,13215.7818,14405.8,0,0,0,0,5693460,0,0,0,2291648,1013311,0,96949,2430636,0,0,39057.17708,81535.83586,4362828,7163176,0,0,2329245.20011708,6540978.24,207227.99,9077451.43,0,0,0,0,0,0,56,130541,0,0,195622.52,26846959
2023/5/21,0,0,28255.19329,0,0,15018.85,0,0,0,1199.893338,0,44243.91221,1308.14,0,5228.832702,12701.61929,461.71,0,0,2275617,0,0,2663655,0,0,0,394817,0,3820600,103301,0,727468,93584,92107,0,0,72499.1055,1308.14,0,0,15018.85,5228.832702,0,12701.61929,461.71,1199.893338,0,0,0,6096217,103301,0,0,2663655,727468,0,93584,92107,394817,0,44473.93663,63944.2142,5334089,4837060,0,0,2293541.49782168,5974327.36,201179.82,8469048.678,0,0,0,0,0,0,65,134601,0,0,178665.92,25397558
2023/5/28,0,0,26834.97642,0,0,13706.37,0,0,619.35,1188.645132,0,39413.56873,635.52,887.07,6545.634966,14254.46289,1846.85,0,0,2061083,0,0,2423739,0,0,159753,444429,0,3518693,20496,87094,1012499,110485,194060,0,0,66248.54515,635.52,0,0,14593.44,6545.634966,0,14254.46289,2466.2,1188.645132,0,0,0,5579776,20496,0,0,2510833,1012499,0,110485,353813,444429,0,42349.34155,63583.10658,5089004,4943327,0,0,2267214.07971944,6409434.21,190865.65,8867513.94,0,0,0,0,0,0,65,132033,0,0,180342.74,26949009
2023/6/4,0,0,29296.37886,0,0,30978.11,0,0,5639.63,4998.813923,0,41615.31224,1049.25,2575.4,10325.79971,15774.07854,29.54,0,0,2672783,0,0,4666070,0,0,665973,2731098,0,4026546,18157,211928,1785617,115768,2614,0,0,70911.6911,1049.25,0,0,33553.51,10325.79971,0,15774.07854,5669.17,4998.813923,0,0,0,6699329,18157,0,0,4877998,1785617,0,115768,668587,2731098,0,70912.93278,71369.38049,10735924,6160630,0,0,2546863.43533755,6866815.43,242986.53,9656665.395,0,0,0,0,0,0,61,129380,0,0,182302.77,29452221
2023/6/11,0,0,33310.17702,0,0,30581.34,0,1633.76,4216.42,2891.602368,0,45798.16554,1277.46,4305.21,11491.73653,14443.80565,0,0,0,3079119,0,0,4294599,0,8505,812546,1711745,0,4031126,19670,304977,1837836,115887,0,0,0,79108.34256,1277.46,0,0,34886.55,11491.73653,0,16077.56565,4216.42,2891.602368,0,0,0,7110245,19670,0,0,4599576,1837836,0,124392,812546,1711745,0,72633.29939,77316.37772,9906514,6309496,0,0,2479316.85245292,7217622.06,251573.38,9948512.292,0,0,0,0,0,0,67,123334,0,0,195022.68,30653847
2023/6/18,0,0,36029.08054,0,0,28762.27,0,1734.86,3425.34,119.719594,0,54908.56683,1506.84,2868.99,11518.92055,15919.79575,0,0,0,2977247,0,0,3531780,0,6902,621066,56727,0,4607575,23346,198879,1614213,121653,0,0,0,90937.64737,1506.84,0,0,31631.26,11518.92055,0,17654.65575,3425.34,119.719594,0,0,0,7584822,23346,0,0,3730659,1614213,0,128555,621066,56727,0,70071.27013,86723.11313,7193722,6565666,0,0,2569363.17415351,7067642.61,218712.6,9855718.384,0,0,0,0,0,0,70,138388,0,0,199173.02,33659288
2023/6/25,0,0,32194.59858,0,0,27174.12,0,790.76,1630.48,0,0,52788.0696,1487.81,3377.43,9046.735984,9172.847652,0,0,0,2571080,0,0,3201759,0,3639,353458,0,0,4208658,21065,267509,1305885,81839,0,0,0,84982.66818,1487.81,0,0,30551.55,9046.735984,0,9963.607652,1630.48,0,0,0,0,6779738,21065,0,0,3469268,1305885,0,85478,353458,0,0,61789.95858,75872.89324,6129936,5884956,0,0,2467597.45426148,6561485.15,207092.7,9236175.304,0,0,0,0,0,0,70,142377,0,0,201022.04,34510730
2023/7/2,0,0,25145.97093,0,0,12139.31,0,1589.55,0,0,0,34495.80282,1960.59,631.06,13929.10965,3936.729885,0,0,0,2769427,0,0,1710490,0,6734,0,0,0,3194271,154271,66300,2369467,50550,0,0,0,59641.77375,1960.59,0,0,12770.37,13929.10965,0,5526.279885,0,0,0,0,0,5963698,154271,0,0,1776790,2369467,0,57284,0,0,0,38874.83093,54953.29236,4486651,5834859,0,0,2812274.8119711,6057477.53,244921.83,9114674.172,0,0,0,0,0,0,73,155098,0,0,227703.35,32886585
2023/7/9,0,0,32053.29846,0,0,14322,0,1991.61,0,0,0,129377.7856,2034.64,6773.06,12452.30436,5226.917716,0,0,0,2838305,0,0,1728606,0,8596,0,0,0,13230731,146956,609977,1897125,61976,0,0,0,161431.0841,2034.64,0,0,21095.06,12452.30436,0,7218.527716,0,0,0,0,0,16069036,146956,0,0,2338583,1897125,0,70572,0,0,0,48366.90846,155864.7077,4575507,15946765,0,0,2500876.99667223,17296925.63,294169.86,20091972.49,1,0,0,0,0,0,98,401960,0,0,235651.27,31058112
2023/7/16,0,0,23138.0142,0,1051.85376,16227.94,0,964.77,0,0,0,54367.62356,1889.11,1198.31,9145.852782,4550.960992,0,0,0,2067564,0,197644,1927927,0,3845,0,0,0,5484972,114894,119326,1603424,60144,0,0,0,77505.63776,1889.11,0,1051.85376,17426.25,9145.852782,0,5515.730992,0,0,0,0,0,7552536,114894,0,197644,2047253,1603424,0,63989,0,0,0,41382.57796,71151.85733,4196980,7382760,0,0,2397530.51605334,6337962.06,201269.12,8936761.696,0,0,0,0,0,0,80,150948,0,0,222048.51,32465782
2023/7/23,0,0,23980.23587,0,2902.344709,15913.85,0,630.61,0,0,0,37085.39901,1667.46,0,5833.524154,2952.186827,0,0,0,2091373,0,627756,3863678,0,2515,0,0,0,3914082,159676,0,1244195,42453,0,0,0,61065.63488,1667.46,0,2902.344709,15913.85,5833.524154,0,3582.796827,0,0,0,0,0,6005455,159676,0,627756,3863678,1244195,0,44968,0,0,0,43427.04058,47538.56999,6585322,5360406,0,0,2484870.49354268,6683969.68,190979.42,9359819.594,0,0,0,0,0,0,68,138835,0,0,245917.32,35125220
2023/7/30,0,50684.73192,56802.99013,0,12806.27001,82396.81,0,4163.56,0,22104,0,36847.94974,2000.16,1904.61,8288.576624,6028.527074,0,0,2143462,5085592,0,4168200,22408544,0,33385,0,13309862,0,3298752,352064,153101,1681748,73059,0,0,50684.73192,93650.93987,2000.16,0,12806.27001,84301.42,8288.576624,0,10192.08707,0,22104,0,0,2143462,8384344,352064,0,4168200,22561645,1681748,0,106444,0,13309862,0,228958.3621,55069.82344,47149045,5558724,0,0,2480064.19262536,7806663.19,348531.72,10635259.1,0,0,0,0,0,0,74,171067,0,0,347065.96,45495278
2023/8/6,0,89955.17031,87563.26771,0,3211.051723,115065.78,0,4753.38,0,23915.14782,0,33564.1259,1983.46,4910.54,6938.428121,5982.69328,0,0,2662998,7195875,0,594205,30623317,0,37429,0,15625297,0,2362355,333985,421629,1394846,70670,0,0,89955.17031,121127.3936,1983.46,0,3211.051723,119976.32,6938.428121,0,10736.07328,0,23915.14782,0,0,2662998,9558230,333985,0,594205,31044946,1394846,0,108099,0,15625297,0,324463.7976,53379.2473,56739121,4583485,0,0,2553990.75257237,7942818.62,267297.69,10764107.06,0,0,0,0,0,0,76,185095,0,0,432081.5,49415211
2023/8/13,0,90417.3139,97559.65913,0,1695.966646,73721.93,0,3763.94,0,21329.94477,0,44783.68095,1746.73,5629.44,6456.069967,5433.6432,0,0,2607134,7367515,0,333780,16621909,0,33240,0,11224363,0,3233425,77115,443693,1306253,78730,0,0,90417.3139,142343.3401,1746.73,0,1695.966646,79351.37,6456.069967,0,9197.5832,0,21329.94477,0,0,2607134,10600940,77115,0,333780,17065602,1306253,0,111970,0,11224363,0,288488.7544,64049.56412,38187941,5139216,0,0,2429426.73907137,7825153.26,286214.51,10540794.51,0,0,0,0,0,0,77,207066,0,0,428148.58,49587467
2023/8/20,0,65048.69341,90074.6732,0,0,91244.16,0,2242.01,0,32264.90174,0,45966.50727,1729.47,7059.3,12071.73057,11152.99245,0,0,2249059,7087747,0,0,15972024,0,30670,0,19086168,0,3362638,185958,622168,2041245,90149,0,0,65048.69341,136041.1805,1729.47,0,0,98303.46,12071.73057,0,13395.00245,0,32264.90174,0,0,2249059,10450385,185958,0,0,16594192,2041245,0,120819,0,19086168,0,280874.4383,77980.00029,44425668,6302158,0,0,2140681.41645546,7568380.31,311955.84,10021017.57,0,0,0,0,0,0,74,189213,0,0,484262.06,59319985
2023/8/27,0,4419.01158,111948.2877,0,0,50709.68,0,6126.76,0,40043.06225,0,65210.81255,1585.74,4443.77,10446.52421,8399.34978,0,0,175427,7820086,0,0,6901359,0,71753,0,22500559,0,5057959,102762,308061,1909882,80621,0,0,4419.01158,177159.1002,1585.74,0,0,55153.45,10446.52421,0,14526.10978,0,40043.06225,0,0,175427,12878045,102762,0,0,7209420,1909882,0,152374,0,22500559,0,213246.8015,90086.19654,37469184,7459285,0,0,2128548.51973123,7541523.18,321381.21,9991452.91,0,0,0,0,0,0,79,181975,0,0,551517.89,65673549
2023/9/3,0,0,98403.61955,0,9.53447,73139.09,0,10682.68,0,28342.13321,0,63958.6949,1302.94,4812.48,11728.87834,7766.55,2895.03,0,0,8386356,0,2580,10453042,0,111897,0,12730360,0,5693853,39875,346323,1783165,70047,410166,0,0,162362.3145,1302.94,0,9.53447,77951.57,11728.87834,0,18449.23,2895.03,28342.13321,0,0,0,14080209,39875,0,2580,10799365,1783165,0,181944,410166,12730360,0,210577.0572,92464.57324,31684235,8343429,0,0,1849885.79954889,7731919.02,296680.15,9878484.97,0,0,0,0,0,0,75,176016,0,0,604723.92,72249864
2023/9/10,0,0,75256.07745,0,3750.756716,62642.64,0,15692.88,0,9906.420983,428.055561,60094.29237,1492.34,3851.93,20536.26755,9593.19,8845.17,0,0,6524900,0,1704186,8140207,0,112414,0,3576648,79594,6107680,48968,310766,2940957,89735,1070687,0,0,135350.3698,1492.34,0,3750.756716,66494.57,20536.26755,0,25286.07,8845.17,9906.420983,428.055561,0,0,12632580,48968,0,1704186,8450973,2940957,0,202149,1070687,3576648,79594,167676.8307,104413.1899,20137949,10568793,0,0,1827767.69435288,9816413.48,461520.8,12105701.97,0,0,0,0,0,0,82,210955,0,0,656579.7,78355798
2023/9/17,0,0,72841.87349,0,5283.112511,39987.96,0,21065.71,0,12213.80159,0,51881.3429,1694.7,869.82,23066.49822,10848.65,16280.27,0,0,5937737,0,4394669,5594444,0,149987,0,4640712,0,5500507,50983,69827,2789522,102017,1963782,0,0,124723.2164,1694.7,0,5283.112511,40857.78,23066.49822,0,31914.36,16280.27,12213.80159,0,0,0,11438244,50983,0,4394669,5664271,2789522,0,252004,1963782,4640712,0,151392.4576,104641.2811,20717549,10476638,0,0,2136804.10360558,11122678.7,523261.06,13782743.86,0,0,0,0,0,0,91,233439,0,0,525794.48,54247812
2023/9/24,0,0,91762.66068,0,19817.99904,51222.11,0,20534.36,120.93,37690.8432,0,58697.26635,2256.6,0,17557.12308,10412.48,4263.55,0,0,8366415,0,12698056,6924793,0,152338,42038,13780833,0,6602566,64005,0,2308141,80009,829598,0,0,150459.927,2256.6,0,19817.99904,51222.11,17557.12308,0,30946.84,4384.48,37690.8432,0,0,0,14968981,64005,0,12698056,6924793,2308141,0,232347,871636,13780833,0,221148.9029,93187.01943,41964473,9884319,0,0,2341807.30202396,9717122.15,441730.82,12500660.27,0,0,0,0,124437.1,3132069,101,231808,0,0,308370.58,33241057
2023/10/1,0,0,104005.1951,0,18695.13432,69463.73,0,10096.55,39120.67,29736.76272,0,77031.55131,2109.65,79.42,14955.53348,8442.79,13206.48,0,0,14069219,0,11109594,9463508,0,83132,8647365,10711645,0,10690340,63163,12739,2113640,84278,1809541,0,0,181036.7464,2109.65,0,18695.13432,69543.15,14955.53348,0,18539.34,52327.15,29736.76272,0,0,0,24759559,63163,0,11109594,9476247,2113640,0,167410,10456906,10711645,0,271118.0421,115825.4248,54084463,14773701,0,0,2163350.58107307,8396991.4,317914.39,10878256.37,0,0,0,0,159772.76,4021464,91,168982,0,0,306685.86,37899746
2023/10/8,0,0,127432.9759,0,17673.39405,145538.14,0,23829.35,67424.08,59116.45747,0,328143.0328,2490.83,6569.7,13258.9845,12275.18,36644.92,0,0,12543946,0,11910744,16125498,0,161937,14903647,29080290,0,40078160,99747,402126,2010668,114571,8829968,0,0,455576.0087,2490.83,0,17673.39405,152107.84,13258.9845,0,36104.53,104069,59116.45747,0,0,0,52622106,99747,0,11910744,16527624,2010668,0,276508,23733615,29080290,0,441014.3975,399382.6473,84726062,51535240,0,0,2294403.06056943,17291534.93,397975.48,19983913.47,1,0,0,0,164647.72,4144166,113,335364,0,0,408601.87,52504196
2023/10/15,0,0,57167.87524,0,2179.953478,46642.26,0,9443.3,66244.56,14956.64498,0,172858.598,1395.4,2266.12,8211.34656,12085.9,36420.02,0,0,4923821,0,1781279,6289496,0,82933,21573846,6606421,0,21125339,85842,202597,1565552,100972,6131497,0,0,230026.4732,1395.4,0,2179.953478,48908.38,8211.34656,0,21529.2,102664.58,14956.64498,0,0,0,26049160,85842,0,1781279,6492093,1565552,0,183905,27705343,6606421,0,196634.5937,233237.3846,41257796,29211799,0,0,2538666.85709529,8466715.54,331154.83,11336537.23,0,0,0,0,180986.29,4555406,93,173025,0,0,287702.11,43599900
2023/10/22,0,0,41763.08826,0,2179.760413,31536.56,0,8023.65,31263.09,16219.75142,0,112993.6271,1916.98,1935.43,5203.628089,8962.64,26162.18,0,0,3091660,0,1972364,4411838,0,77282,9103683,5274782,0,14774953,114831,188242,984878,79340,3645706,0,0,154756.7153,1916.98,0,2179.760413,33471.99,5203.628089,0,16986.29,57425.27,16219.75142,0,0,0,17866613,114831,0,1972364,4600080,984878,0,156622,12749389,5274782,0,130985.9001,157174.4852,23931609,19787950,0,0,2374749.83787982,7761096.57,276362.06,10412208.47,0,0,0,0,181152.39,4559587,88,169272,0,0,288271.09,44397037
2023/10/29,0,0,45172.39114,0,1996.835241,35466.09,0,12315.36,0,12231.21417,0,53148.35189,1470.92,1504.51,6732.378465,9047.26,20557.93,0,0,2504736,0,1532733,5316413,0,99826,0,5120920,0,6513689,100240,147043,1264317,75112,2657445,0,0,98320.74303,1470.92,0,1996.835241,36970.6,6732.378465,0,21362.62,20557.93,12231.21417,0,0,0,9018425,100240,0,1532733,5463456,1264317,0,174938,2657445,5120920,0,107181.8906,92461.35036,14574628,10757846,0,0,2440985.97820381,8352018.29,271814.87,11064819.14,0,0,0,0,177502.56,4467721,77,163906,0,0,286205.74,50535272
2023/11/5,0,0,52229.42171,0,964.689142,50094.97,0,2674.95,0,10461.96466,0,42098.5549,2396.87,5224.34,11382.06157,12926.96,27075.94,0,0,4157536,0,742994,7391943,0,21063,0,4933127,0,4093229,127149,421691,1902114,99303,3341506,0,0,94327.97661,2396.87,0,964.689142,55319.31,11382.06157,0,15601.91,27075.94,10461.96466,0,0,0,8250765,127149,0,742994,7813634,1902114,0,120366,3341506,4933127,0,116425.9955,101104.7265,17246663,9984992,0,0,2068010.52254895,7900321.78,404130.72,10372463.02,0,0,0,0,164591.46,4142750,85,176120,0,0,281851.52,46004331
2023/11/12,0,0,71398.30408,0,2551.5,42417.25,0,2935.13,0,14685.65339,0,61572.76484,2344.58,11423.11,19618.30005,17424.38,66593.21,0,0,6291150,0,1955664,5005384,0,25317,0,9600886,0,5436257,109380,758683,2950498,116831,7834177,0,0,132971.0689,2344.58,0,2551.5,53840.36,19618.30005,0,20359.51,66593.21,14685.65339,0,0,0,11727407,109380,0,1955664,5764067,2950498,0,142148,7834177,9600886,0,133987.8375,178976.3449,22878401,17205826,0,0,2178624.4232442,8721309.87,476419.25,11376353.54,1,0,0,0,139660.48,3515240,92,230952,0,0,217815.66,40623533
2023/11/19,0,0,125819.9157,0,1934,91610.23,0,3697.22,0,53630.25561,0,212784.9056,4164.95,15159.05,25913.19296,25164.55,62593.41,0,0,8836568,0,1783316,6918597,0,29827,0,30297469,0,17398778,140500,727767,3610245,194847,6255201,0,0,338604.8213,4164.95,0,1934,106769.28,25913.19296,0,28861.77,62593.41,53630.25561,0,0,0,26235346,140500,0,1783316,7646364,3610245,0,224674,6255201,30297469,0,276691.6213,345780.0586,47865777,28327338,0,0,3871855.83401015,18804983.81,791604.57,23468444.21,1,0,0,0,113196.97,2849156,148,517525,0,0,209223.69,65900453
2023/11/26,0,0,80629.12531,0,1779.310096,75263.72,0,18906.54,0,38115.42318,0,173869.3425,4808.1,8660.23,17086.17259,20228.2,16191.05,0,0,8243089,0,2187506,7165363,0,115915,0,23687770,0,17762802,560959,503466,2240610,147169,2091833,0,0,254498.4679,4808.1,0,1779.310096,83923.95,17086.17259,0,39134.74,16191.05,38115.42318,0,0,0,26005891,560959,0,2187506,7668829,2240610,0,263084,2091833,23687770,0,214694.1186,240843.0951,41399643,23306839,0,0,2678804.97790026,13774181.66,544822.24,16997808.88,1,0,0,0,113139.68,2847714,123,384385,0,0,163608.09,56730569
2023/12/3,0,0,45669.5935,0,1040,38085.95,0,20657.52,0,24907.17125,0,63997.41253,2332.59,3327.84,3708.205217,12845.54,1306.69,0,0,5573287,0,2148376,4472049,0,134509,0,11429572,0,6604556,212922,268817,524488,98588,115923,0,0,109667.006,2332.59,0,1040,41413.79,3708.205217,0,33503.06,1306.69,24907.17125,0,0,0,12177843,212922,0,2148376,4740866,524488,0,233097,115923,11429572,0,130360.2348,87518.27775,23757793,7825294,0,0,3000543.91564663,10109200.1,336333.92,13446077.94,0,0,0,0,112933.24,2842518,105,223692,0,0,108182.29,30999689
2023/12/10,0,0,37522.73732,0,0,42242.56,0,7800.56,0,23141.99438,0,53214.07187,2114.47,3482.15,18064.07747,12891.7,1015.22,0,0,5301371,0,0,5201729,0,61422,0,9238512,0,5831578,73704,308312,2571349,97635,85994,0,0,90736.80919,2114.47,0,0,45724.71,18064.07747,0,20692.26,1015.22,23141.99438,0,0,0,11132949,73704,0,0,5510041,2571349,0,159057,85994,9238512,0,110707.8517,90781.68934,19803034,8968572,0,0,3654106.59533701,10968138.26,344057.7,14966302.56,0,0,0,0,80586.45,2028353,100,217173,0,0,93281.82,21429444
2023/12/17,0,0,30496.05927,0,461,37387.29,0,9399.11,0,21029.72116,0,41791.43569,2011.45,4615.7,9533.828338,9010.19,0,0,0,5232395,0,679918,5237225,0,74018,0,13770996,0,4626702,108627,463722,1789980,93893,0,0,0,72287.49496,2011.45,0,461,42002.99,9533.828338,0,18409.3,0,21029.72116,0,0,0,9859097,108627,0,679918,5700947,1789980,0,167911,0,13770996,0,98773.18043,66962.60403,24994552,7082924,0,0,5502707.93164019,9410659.64,298321.31,15211688.88,0,0,0,0,0,0,111,293934,0,0,92627.47,21543980
2023/12/24,0,0,19361.70789,0,540,43736.51,0,10934.44,0,14258.30434,0,21134.98966,2421.11,3658.33,8314.222454,12097.55,0,0,0,5745214,0,1410788,7205976,0,68985,0,10584730,0,2718590,132999,412950,1774119,105517,0,0,0,40496.69755,2421.11,0,540,47394.84,8314.222454,0,23031.99,0,14258.30434,0,0,0,8463804,132999,0,1410788,7618926,1774119,0,174502,0,10584730,0,88830.96223,47626.20211,25015693,5144175,0,0,2925398.97010567,8594570.99,343550.98,11863520.94,0,0,0,0,0,0,120,262220,0,0,93958.45,26659856
2023/12/31,0,0,15154.79602,0,0,6230.94,0,167.05,0,3486.662842,0,7955.93601,2491.14,2750.1,12698.45735,12629.82,0,0,0,5249571,0,0,1738117,0,1774,0,3230134,0,1361334,224618,563881,2381850,111997,0,0,0,23110.73203,2491.14,0,0,8981.04,12698.45735,0,12796.87,0,3486.662842,0,0,0,6610905,224618,0,0,2301998,2381850,0,113771,0,3230134,0,25039.44886,38525.45336,10219596,4643680,0,0,2447156.35540207,8315078.98,276867.83,11039103.17,0,0,0,0,0,0,89,205696,0,0,94384.18,28054929
2024/1/7,0,0,25481.57134,0,5494.928009,17244.32,0,5814.33,0,7244.85364,0,15453.87311,1981.75,1893.81,14416.80067,13307.9,0,0,0,5803196,0,1239631,3422633,0,35633,0,5908754,0,1990279,93569,254351,2777041,109458,0,0,0,40935.44445,1981.75,0,5494.928009,19138.13,14416.80067,0,19122.23,0,7244.85364,0,0,0,7793475,93569,0,1239631,3676984,2777041,0,145091,0,5908754,0,61280.00299,47054.13378,16409847,5224698,0,0,2479768.13086501,8098716.06,400266.73,10978750.92,0,0,0,0,0,0,90,221157,0,0,122580.53,25371287
2024/1/14,0,0,22163.64712,0,897.66848,17347.79,0,1040.65,0,8981.066553,0,20274.06829,2013.31,2643.63,13434.4903,11955.86025,0,0,0,4164910,0,338179,3226800,0,7991,0,8214899,0,2551980,87338,305894,2432530,97642,0,0,0,42437.71541,2013.31,0,897.66848,19991.42,13434.4903,0,12996.51025,0,8981.066553,0,0,0,6716890,87338,0,338179,3532694,2432530,0,105633,0,8214899,0,50430.82215,50321.35884,15952779,5475384,0,0,2170695.34384168,7644254.37,339240.48,10154190.19,0,0,0,0,0,0,82,203307,0,0,154930.13,27855634
2024/1/21,0,0,14988.53823,0,0,14748.92,0,834.37,0,7353.065151,0,21548.03538,1917.48,1138.12,14689.73531,13158.36641,0,0,0,1413501,0,0,2641298,0,4067,0,7717495,0,2948830,78136,135768,2549933,98466,0,0,0,36536.57361,1917.48,0,0,15887.04,14689.73531,0,13992.73641,0,7353.065151,0,0,0,4362331,78136,0,0,2777066,2549933,0,102533,0,7717495,0,37924.89338,52451.73709,11776361,5811133,0,0,1958104.01443808,8080688.55,279074.59,10317867.15,0,0,0,0,0,0,76,201503,0,0,178426.97,32257245
2024/1/28,0,0,12833.84757,0,0,15251.48,0,1844.17,0,6290.144941,0,15201.16243,1832.12,2534.2,12553.28779,11930.13298,0,0,0,1799359,0,0,2433597,0,13530,0,6305969,0,2429262,68454,227718,2441097,92421,0,0,0,28035.01,1832.12,0,0,17785.68,12553.28779,0,13774.30298,0,6290.144941,0,0,0,4228621,68454,0,0,2661315,2441097,0,105951,0,6305969,0,36219.64251,44050.9032,10552455,5258952,0,0,2053451.60263821,8267513.3,321260.78,10642225.68,0,0,0,0,0,0,76,199078,0,0,216682.13,40056833
2024/2/4,0,0,16647.16043,0,0,16763.23,0,2021.678195,0,5007.81343,0,12575.28291,1763.35,2096.04,10463.83784,10436.2638,0,0,0,2248859,0,0,2435053,0,14346,0,3883003,0,1455005,75603,176318,2187942,79525,0,0,0,29222.44334,1763.35,0,0,18859.27,10463.83784,0,12457.942,0,5007.81343,0,0,0,3703864,75603,0,0,2611371,2187942,0,93871,0,3883003,0,40439.88206,37334.77455,8581261,3974393,0,0,2277190.86381716,8134436.63,247880.24,10659507.73,0,0,0,0,0,0,85,200237,0,0,226466.05,36232848
2024/2/11,0,0,17986.64953,0,0,22690.74,0,1643.476979,0,7949.01291,0,13115.39901,1727.77,1821.07,10432.23432,11980.92585,0,0,0,2554964,0,0,3419924,0,12111,0,5933716,0,1757557,85353,163625,2052646,91223,0,0,0,31102.04854,1727.77,0,0,24511.81,10432.23432,0,13624.40283,0,7949.01291,0,0,0,4312521,85353,0,0,3583549,2052646,0,103334,0,5933716,0,50269.87942,39077.39918,11920715,4150404,0,0,2697056.34716628,7962614.3,250084.13,10909754.78,0,0,0,0,0,0,83,188647,0,0,232775.5,34247731
2024/2/18,0,0,18918.05325,0,0,15375.24,0,987.58,0,4345.164125,0,13368.20917,1505.97,568.61,10640.90565,10921.75501,0,0,0,3254703,0,0,2430009,0,7177,0,4254020,0,1989004,72070,53750,2106792,86973,0,0,0,32286.26242,1505.97,0,0,15943.85,10640.90565,0,11909.33501,0,4345.164125,0,0,0,5243707,72070,0,0,2483759,2106792,0,94150,0,4254020,0,39626.03738,37005.44982,9945909,4308589,0,0,2713413.20041744,8218116.17,308376.29,11239905.66,0,0,0,0,0,0,80,204466,0,0,284964.73,40482623
2024/2/25,0,0,18842.53499,0,0,18864.85,0,831.24,0,3557.854818,0,23190.61716,2326.18,253.38,13558.69668,14389.22476,0,0,0,3403201,0,0,2918995,0,5962,0,3452250,0,3594124,123281,28997,2593160,107357,0,0,0,42033.15215,2326.18,0,0,19118.23,13558.69668,0,15220.46476,0,3557.854818,0,0,0,6997325,123281,0,0,2947992,2593160,0,113319,0,3452250,0,42096.47981,53718.0986,9780408,6446919,0,0,2698557.72479962,8477344.66,284073.16,11459975.54,0,0,0,0,0,0,73,200093,0,0,304632.72,46042835
2024/3/3,0,0,22226.55379,0,0,18264.14,0,781.04,0,4134.488473,0,28133.77416,2561.48,0,14256.11915,16397.65719,0,0,0,3350011,0,0,2798209,0,5392,0,4124991,0,3642254,112935,0,2672674,106448,0,0,0,50360.32795,2561.48,0,0,18264.14,14256.11915,0,17178.69719,0,4134.488473,0,0,0,6992265,112935,0,0,2798209,2672674,0,111840,0,4124991,0,45406.22226,61349.0305,10278603,6534311,0,0,2599973.24102412,8524615.01,245549.8,11370138.05,0,0,0,0,0,0,79,198203,0,0,323384.97,54905512
2024/3/10,0,0,29188.28312,0,0,16685.69,0,816.36,0,3835.168672,0,34153.33948,2913.74,2191.42,16201.36689,13304.0745,0,0,0,3242852,0,0,2293529,0,6268,0,3853718,0,3541911,348738,225006,2992307,92209,0,0,0,63341.6226,2913.74,0,0,18877.11,16201.36689,0,14120.4345,0,3835.168672,0,0,0,6784763,348738,0,0,2518535,2992307,0,98477,0,3853718,0,50525.50179,68763.94088,9396367,7200171,0,0,2791198.90226064,8169636.46,309960.04,11270795.4,0,0,0,0,0,0,77,196007,0,0,310415.61,51633186
2024/3/17,0,0,51716.76846,0,0,35934.16,0,6736.33,0,7786.941321,0,76460.37595,3766.71,4338.58,18096.77857,17275.11703,0,0,0,3902558,0,0,3699797,0,36606,0,6848270,0,6188762,794515,361703,3262023,112308,0,0,0,128177.1444,3766.71,0,0,40272.74,18096.77857,0,24011.44703,0,7786.941321,0,0,0,10091320,794515,0,0,4061500,3262023,0,148914,0,6848270,0,102174.1998,119937.5616,14487231,10719311,0,0,2615137.59820846,9395588.47,352356.93,12363083,0,0,0,0,0,0,83,217768,0,0,304381.59,59239382
2024/3/24,0,0,33032.10685,0,0,23228.29,0,7976.18,0,5423.589734,0,47430.49536,4317.77,6617.01,17059.52298,14332.94941,0,0,0,3044389,0,0,2820634,0,50431,0,4692405,0,4325614,1006646,593007,3161786,105378,0,0,0,80462.60221,4317.77,0,0,29845.3,17059.52298,0,22309.12941,0,5423.589734,0,0,0,7370003,1006646,0,0,3413641,3161786,0,155809,0,4692405,0,69660.16658,89757.74775,10607859,9192431,0,0,2472592.7945138,8223410.68,357311.23,11053314.7,0,0,0,0,0,0,80,212817,0,0,277830.03,53583803
2024/3/31,0,0,28214.10744,0,0,27571.54,0,5593.74,0,4547.623304,0,38619.90781,3396.83,3488.77,17885.93335,18119.9448,0,0,0,3018925,0,0,3671224,0,37976,0,4637635,0,4491127,439144,303185,3238180,124065,0,0,0,66834.01525,3396.83,0,0,31060.31,17885.93335,0,23713.6848,0,4547.623304,0,0,0,7510052,439144,0,0,3974409,3238180,0,162041,0,4637635,0,65927.01074,81511.38595,11365760,8595701,0,0,2781005.16539632,8755763.41,314859.4,11851627.98,0,0,0,0,0,0,87,213625,0,0,300933.79,62416501
2024/4/7,0,0,26983.96671,0,0,26121.26,0,4412.77,0,4795.531756,0,35591.31979,1856.84,1775.54,16426.15902,12740.56687,0,0,0,2871113,0,0,3583761,0,29364,0,4052160,0,4258452,66043,136141,3003735,88719,0,0,0,62575.2865,1856.84,0,0,27896.8,16426.15902,0,17153.33687,0,4795.531756,0,0,0,7129565,66043,0,0,3719902,3003735,0,118083,0,4052160,0,62313.52847,68390.42568,10536398,7553090,0,0,2750105.81945742,8422514.55,268402.99,11441023.36,0,0,0,0,0,0,74,204652,0,0,268025.47,64178250
2024/4/14,0,0,37205.84462,0,0,54457.15,0,8141.73,0,8679.521473,0,53334.16784,1824.48,2453.42,15760.76319,14435.14123,0,0,0,4185853,0,0,6554692,0,52172,0,8658934,0,5270839,60524,177217,2826829,102159,0,0,0,90540.01246,1824.48,0,0,56910.57,15760.76319,0,22576.87123,0,8679.521473,0,0,0,9456692,60524,0,0,6731909,2826829,0,154331,0,8658934,0,108484.2461,87807.97227,19451651,8437568,0,0,2669555.6029262,8814354.4,361522.17,11845432.17,0,0,0,0,0,0,78,210043,0,0,273439.65,71351395
2024/4/21,0,0,20467.95372,0,0,28657.11,0,2802,0,1806.676502,0,37735.20066,1858.19,2448.04,16214.41192,21340.76626,0,0,0,2215562,0,0,3436270,0,20304,0,1645850,0,3666537,69158,216740,2709333,134625,0,0,0,58203.15438,1858.19,0,0,31105.15,16214.41192,0,24142.76626,0,1806.676502,0,0,0,5882099,69158,0,0,3653010,2709333,0,154929,0,1645850,0,53733.74022,79596.60884,7317986,6796393,0,0,2892108.09046503,8402127.32,411533.36,11705768.77,0,0,0,0,0,0,83,205810,0,0,278043.7,57578751
2024/4/28,0,0,8602.03334,0,0,21410.45,0,1655.61,0,4477.805807,0,21908.16123,1742.39,290.24,13610.19145,17600.76263,0,0,0,1017623,0,0,2622580,0,13217,0,3763084,0,2191443,89663,26857,2212213,119514,0,0,0,30510.19457,1742.39,0,0,21700.69,13610.19145,0,19256.37263,0,4477.805807,0,0,0,3209066,89663,0,0,2649437,2212213,0,132731,0,3763084,0,36145.89915,55151.74531,7416504,4639690,0,0,2783552.98224229,8465629,227267.86,11476449.84,0,0,0,0,156271.74,3609047,77,199098,0,0,303227.04,56291572
2024/5/5,0,0,41064.4612,0,0,13945.28,0,2124.29,0,6473.903993,0,20791.99942,1448.46,0,10544.93053,14478.47089,0,0,0,4998611,0,0,1759272,0,14772,0,4775766,0,2230433,70601,0,1831307,105401,0,0,0,61856.46062,1448.46,0,0,13945.28,10544.93053,0,16602.76089,0,6473.903993,0,0,0,7229044,70601,0,0,1759272,1831307,0,120173,0,4775766,0,63607.93519,47263.86084,11548421,4237742,0,0,3088672.00445572,8292130.28,261009.99,11641812.27,0,0,0,0,180009.09,4157254,85,169678,0,0,274797.89,45533322
2024/5/12,0,0,23809.39394,0,0,19820.03,0,1981.22,0,6700.77646,0,28425.28019,1747.42,858.02,13557.16237,17286.74588,0,0,0,2469565,0,0,2550415,0,15845,0,5089490,0,2764531,71644,66569,2336807,124877,0,0,0,52234.67413,1747.42,0,0,20678.05,13557.16237,0,19267.96588,0,6700.77646,0,0,0,5234096,71644,0,0,2616984,2336807,0,140722,0,5089490,0,52311.4204,61874.62844,10125315,5364428,0,0,2977691.8939273,9091854.3,329109.27,12398655.46,0,0,0,0,177277.87,4094177,88,214187,0,0,320359.72,57675801
2024/5/19,0,0,15125.75127,0,1739.732327,27246.68,0,3677.54,0,8489.579039,0,29862.08678,2519.39,1889.18,13976.8724,20379.50465,0,0,0,1148152,0,874438,3620048,0,26889,0,5485572,0,2853754,54842,190036,2355979,142521,0,0,0,44987.83805,2519.39,0,1739.732327,29135.86,13976.8724,0,24057.04465,0,8489.579039,0,0,0,4001906,54842,0,874438,3810084,2355979,0,169410,0,5485572,0,56279.28264,68627.03383,11155099,5597132,0,0,2973139.63995784,9269877.27,348775.91,12591792.82,0,0,0,0,133017.62,3072000,105,225901,0,0,341401.72,59123936
2024/5/26,0,0,17729.25102,0,2169.423226,26392.86,0,5534.25,0,15157.1916,0,36721.95852,2846.91,3551,18731.11085,24349.85443,0,0,0,1326464,0,1388895,3456605,0,42281,0,10924916,0,3331645,70431,387780,2971946,162578,0,0,0,54451.20954,2846.91,0,2169.423226,29943.86,18731.11085,0,29884.10443,0,15157.1916,0,0,0,4658109,70431,0,1388895,3844385,2971946,0,204859,0,10924916,0,66982.97585,86200.8338,17139161,6924380,0,0,3372987.61677843,9207151.88,321346.11,12901485.61,0,0,0,0,139947.88,3232052,99,252964,0,0,319016.64,53853501
2024/6/2,0,0,21371.19052,0,1376.496847,19061.53,0,5949.13,0,14181.35212,47922.87576,40325.33508,2316.68,2725.08,15031.15711,17258.1885,0,0,0,1563678,0,725660,2365814,0,45156,0,9521203,5091263,3277421,54763,267393,2539209,130940,0,0,0,61696.5256,2316.68,0,1376.496847,21786.61,15031.15711,0,23207.3185,0,14181.35212,47922.87576,0,0,4841099,54763,0,725660,2633207,2539209,0,176096,0,9521203,5091263,109862.5752,77656.44068,19312774,6269726,0,0,3545899.06418352,9007558.17,275059.15,12828516.38,0,0,0,0,318168.44,7348001,97,231123,0,0,277015.22,43320181
2024/6/9,0,0,21405.53602,0,1160.641126,38226.54,0,4065.9,0,9217.426452,177329.7621,41654.21883,1145.79,343.23,12452.33675,11460.87856,0,0,0,1540214,0,611517,4042551,0,29454,0,5485360,19082541,3922575,18366,38215,2123116,95320,0,0,0,63059.75485,1145.79,0,1160.641126,38569.77,12452.33675,0,15526.77856,0,9217.426452,177329.7621,0,0,5462789,18366,0,611517,4080766,2123116,0,124774,0,5485360,19082541,251405.8057,67056.45414,30791637,6197592,0,0,3213683.57512877,9557208.92,283227.44,13054119.94,0,0,0,0,120704.64,2787636,109,244677,0,0,301753.77,46678862
2024/6/16,0,0,17768.16633,0,1360.368573,38706.08,0,2698.56,0,7765.162126,0,38754.8337,1016.6,31.61,12755.19894,9937.054551,0,0,0,1047367,0,942448,4385785,0,20060,0,4860625,0,3934589,16139,2894,2031933,94100,0,0,0,56523.00003,1016.6,0,1360.368573,38737.69,12755.19894,0,12635.61455,0,7765.162126,0,0,0,4981956,16139,0,942448,4388679,2031933,0,114160,0,4860625,0,68298.33703,62495.29719,11256285,6079655,0,0,3376391.62131159,9532292.35,313676.76,13222360.73,0,0,0,0,0,0,101,263490,0,0,283391.74,43723816
2024/6/23,0,0,12752.55195,0,997.679172,22695.88,0,2413.66,0,7525.507807,0,34293.40018,951.41,338.6,12043.74998,10905.62126,0,0,0,841527,0,867059,2741757,0,18674,0,4102247,0,3463059,19367,21707,2028407,102831,0,0,0,47045.95213,951.41,0,997.679172,23034.48,12043.74998,0,13319.28126,0,7525.507807,0,0,0,4304586,19367,0,867059,2763464,2028407,0,121505,0,4102247,0,46385.27893,58532.78142,8571264,5635371,0,0,3197734.33822137,8935099.89,263663.21,12396497.44,0,0,0,0,0,0,90,233192,0,0,277749.77,43819534
2024/6/30,0,0,31501.47671,0,1632.750979,21079.38,0,1243.99,0,9428.392597,19449.48847,43119.20521,1906.81,2030.33,13040.62311,11166.49002,0,0,0,2971091,0,1577960,2646390,0,8842,0,6226415,1985077,4200129,24428,180741,2286608,88222,0,0,0,74620.68192,1906.81,0,1632.750979,23109.71,13040.62311,0,12410.48002,0,9428.392597,19449.48847,0,0,7171220,24428,0,1577960,2827131,2286608,0,97064,0,6226415,1985077,84335.47875,71263.45834,15415775,6780128,0,0,3485766.98638795,7808480.8,279159.89,11573407.68,0,0,0,0,0,0,93,247287,0,0,249102.09,34156980
2024/7/7,0,0,91183.85462,78.081378,1923.953363,22505.2,0,1446.08,0,8255.733162,9042.387348,60374.0257,1222.15,1037.89,12712.14906,7996.746498,0,0,0,9111995,9242,1564764,2447580,0,9944,0,5508863,1934207,4891354,13936,97355,2327399,70742,0,0,0,151557.8803,1222.15,78.081378,1923.953363,23543.09,12712.14906,0,9442.826498,0,8255.733162,9042.387348,0,0,14003349,13936,9242,1564764,2544935,2327399,0,80686,0,5508863,1934207,134435.2899,83342.96126,20586595,7400786,0,0,3707660.50351072,8275124.54,272777.54,12255562.58,0,0,0,0,0,0,105,279091,0,0,253849.75,36151781
2024/7/14,0,0,153455.6005,2821.165083,1713.230969,98870.85,0,4260.47,0,15766.11604,16854.13506,102516.6085,2372.59,2395.37,13327.19331,9816.143088,0,0,0,16306457,874104,1188200,8762250,0,26793,0,6860755,4638659,8615355,25202,180771,2492889,70285,0,0,0,255972.209,2372.59,2821.165083,1713.230969,101266.22,13327.19331,0,14076.61309,0,15766.11604,16854.13506,0,0,24921812,25202,874104,1188200,8943021,2492889,0,97078,0,6860755,4638659,293741.5677,130427.9049,38657218,11384502,0,0,3624874.79287991,22649109.63,393333.83,26667318.25,1,0,0,0,0,0,142,580205,0,0,348527.08,49526683
2024/7/21,0,0,20451.86917,260.803656,1668.524643,61518.84,0,2312.62,0,7258.916126,4229.808899,46819.24509,1633.07,9346.17,8605.5695,10810.65847,0,0,0,2687534,44461,1158168,6181855,0,20235,0,2400988,1631507,5144380,22716,749738,1919127,83635,0,0,0,67271.11426,1633.07,260.803656,1668.524643,70865.01,8605.5695,0,13123.27847,0,7258.916126,4229.808899,0,0,7831914,22716,44461,1158168,6931593,1919127,0,103870,0,2400988,1631507,97701.38249,77214.71306,14124748,7919596,0,0,3272947.06723943,8612350.8,197229.79,12082527.66,0,0,0,0,0,0,102,251458,0,0,222053.48,31752340
2024/7/28,0,0,17391.80836,0,662.20661,31465.43,0,2091.05,0,2972.420298,1327.734569,33090.63984,1412.87,9515.67,7998.476814,8406.127538,0,0,0,2355522,0,624219,3180357,0,19028,0,1190128,307309,4053658,17204,802724,1864540,70663,0,0,0,50482.4482,1412.87,0,662.20661,40981.1,7998.476814,0,10497.17754,0,2972.420298,1327.734569,0,0,6409180,17204,0,624219,3983081,1864540,0,89691,0,1190128,307309,55910.64984,60423.78419,7676563,6808789,0,0,3396790.99930596,9082417.44,216289.23,12695497.67,0,0,0,0,0,0,95,228193,0,0,233533.63,33478404
2024/8/4,0,0,15727.23836,26514.62936,0,19901.42,0,2800.39,0,2048.549794,5020.554917,25967.83437,836.51,2188.53,14856.67226,9872.206522,0,0,0,1669454,5197797,0,2431465,0,21157,0,1516986,1057470,3036387,14286,170962,2272855,73177,0,0,0,41695.07273,836.51,26514.62936,0,22089.95,14856.67226,0,12672.59652,0,2048.549794,5020.554917,0,0,4705841,14286,5197797,0,2602427,2272855,0,94334,0,1516986,1057470,72012.78243,53721.75315,11894329,5567667,0,0,3702551.77521766,9213311.46,591746.97,13507610.21,0,0,0,0,0,0,100,246487,0,0,280353.56,41117480
2024/8/11,0,0,21280.57178,8984.433584,0,37194.33,0,2980.83,0,4286.340256,9667.19377,23972.09627,733.48,4874.53,15813.88285,10894.7281,0,0,0,2147241,766035,0,4500046,0,19680,0,3336283,1112428,2499877,15266,378449,2819740,75130,0,0,0,45252.66805,733.48,8984.433584,0,42068.86,15813.88285,0,13875.5581,0,4286.340256,9667.19377,0,0,4647118,15266,766035,0,4878495,2819740,0,94810,0,3336283,1112428,84393.69939,56288.71722,11881713,5788462,0,0,3839760.37240792,10383302.84,377806.06,14600869.27,0,0,0,0,0,0,113,274726,0,0,348627.68,51220696
2024/8/18,0,0,19653.29955,18896.48052,3188.927207,46894.51,0,2732.58,0,5621.547012,8932.13419,28651.82137,1105.69,2933.46,11406.52008,11069.68694,8276.32,0,0,1834475,1143093,575572,5241037,0,17833,0,3180641,2745684,2806463,22045,204168,2195133,80283,574990,0,0,48305.12092,1105.69,18896.48052,3188.927207,49827.97,11406.52008,0,13802.26694,8276.32,5621.547012,8932.13419,0,0,4640938,22045,1143093,575572,5445205,2195133,0,98116,574990,3180641,2745684,105919.4785,63443.49839,14738335,5883082,0,0,3961996.10964116,9761928.16,346389.51,14070313.78,0,0,0,0,0,0,108,256366,0,0,335647.24,51388381
2024/8/25,0,0,23702.86969,10342.66303,2519.886412,57649.46,0,2694.31,0,6061.428559,18960.09881,29555.87439,1710.21,1361.36,15884.81178,16295.28167,954.97,0,0,4225523,765824,577548,6147674,0,16609,0,3248621,6992699,3134544,24469,90311,2858782,120909,42967,0,0,53258.74408,1710.21,10342.66303,2519.886412,59010.82,15884.81178,0,18989.59167,954.97,6061.428559,18960.09881,0,0,7360067,24469,765824,577548,6237985,2858782,0,137518,42967,3248621,6992699,121930.7165,65762.50785,21974498,6271982,0,0,3683257.72187064,9623052.5,319773.03,13626083.25,0,0,0,0,0,0,93,262499,0,0,364467.65,50252995
2024/9/1,0,0,15906.13704,0,0,52473.39,0,0,0,7913.132322,15375.06093,41324.55825,1808.55,1957.49,15831.08149,14862.58693,318.01,0,0,1598884,0,0,6950980,0,0,0,3544930,4554185,4566128,17482,144113,2977606,121821,33010,0,0,57230.69529,1808.55,0,0,54430.88,15831.08149,0,14862.58693,318.01,7913.132322,15375.06093,0,0,6165012,17482,0,0,7095093,2977606,0,121821,33010,3544930,4554185,91667.72029,76102.27667,16648979,7860160,0,0,3552617.02553386,9439587.95,369101.64,13361306.62,0,0,0,0,0,0,99,259596,0,0,394054.64,49520486
2024/9/8,0,0,22722.50469,0,0,61704.76,0,0,0,9559.78925,52473.58712,63256.53251,1809.47,3423.83,15005.61388,20034.83998,1944.64,0,0,2956358,0,0,6794920,0,0,0,4703653,17772529,6606505,19776,246916,3144736,151883,65857,0,0,85979.0372,1809.47,0,0,65128.59,15005.61388,0,20034.83998,1944.64,9559.78925,52473.58712,0,0,9562863,19776,0,0,7041836,3144736,0,151883,65857,4703653,17772529,146460.6411,105474.9264,32227460,10235673,0,0,3525880.34210956,10586026.02,409242.61,14521148.97,0,0,0,0,0,0,111,273402,0,0,467654.81,60361010
2024/9/15,0,0,24904.27915,0,0,66968.94,0,0,9005.95,14012.24148,53847.02783,58108.35945,1778.4,1557.18,16079.32798,21361.39327,7889.44,0,0,3796971,0,0,6392162,0,0,1854193,5898593,28185020,7770160,24902,103426,3462444,155810,286633,0,0,83012.6386,1778.4,0,0,68526.12,16079.32798,0,21361.39327,16895.39,14012.24148,53847.02783,0,0,11567131,24902,0,0,6495588,3462444,0,155810,2140826,5898593,28185020,168738.4385,106774.1007,46126939,11803375,0,0,3569830.85321912,11298417.17,423646.1,15291894.12,0,0,0,0,0,0,116,287598,0,0,481191.18,64375081
2024/9/22,0,0,24390.73344,0,0,75114.62,0,0,125837.83,20236.04192,55527.26135,60164.92796,1969.22,1170.4,14458.40148,17848.86249,37176.9,0,0,3429860,0,0,7796675,0,0,23177943,8451740,15928177,7331078,29740,70639,3293234,154052,1405200,0,0,84555.6614,1969.22,0,0,76285.02,14458.40148,0,17848.86249,163014.73,20236.04192,55527.26135,0,0,10760938,29740,0,0,7867314,3293234,0,154052,24583143,8451740,15928177,301106.4867,132788.7119,58784395,12283943,0,0,3945565.57400827,11276968.56,378211.18,15600745.31,0,0,0,0,0,0,129,318677,0,0,426715.82,52599546
2024/9/29,120554.7843,0,81742.53872,0,0,55088.99,0,0,7548.05,18696.15302,56607.59959,84781.33069,2055.67,1613.13,14735.66587,18514.67018,2002.5,3750027,0,9115019,0,0,6643381,0,0,869603,10496642,16558137,7611202,39885,90774,3279190,146468,117081,120554.7843,0,166523.8694,2055.67,0,0,56702.12,14735.66587,0,18514.67018,9550.55,18696.15302,56607.59959,3750027,0,16726221,39885,0,0,6734155,3279190,0,146468,986684,10496642,16558137,340238.1156,123702.9667,47432809,11284600,0,0,4840062.46119293,10569559.85,360958.19,15770580.5,0,0,0,0,0,0,120,302221,0,0,392249.48,52330948
2024/10/6,77164.87518,0,48425.91947,0,0,74713.97,0,0,11227.2,15510.05321,43486.35356,158468.2577,2018.24,1406.06,13700.33413,21720.66963,4085.85,1993521,0,5545923,0,0,8041438,0,0,1500835,8501678,12606473,14684160,35196,74580,2831543,159069,191575,77164.87518,0,206894.1772,2018.24,0,0,76120.03,13700.33413,0,21720.66963,15313.05,15510.05321,43486.35356,1993521,0,20230083,35196,0,0,8116018,2831543,0,159069,1692410,8501678,12606473,270528.3714,201399.4115,38189868,17976123,0,0,4544997.18040767,20607776.63,491617.85,25644391.66,1,0,0,0,0,0,147,600738,0,0,563355.67,67744810
2024/10/13,0,0,21507.1722,0,0,56132.86,0,0,2486.52,10054.97925,29020.67194,52629.834,1779.03,1626.62,15658.82723,19146.21925,2433.48,0,0,2635180,0,0,6440555,0,0,300987,5994980,9320742,4976655,22301,106873,3248687,138423,146185,0,0,74137.0062,1779.03,0,0,57759.48,15658.82723,0,19146.21925,4920,10054.97925,29020.67194,0,0,7611835,22301,0,0,6547428,3248687,0,138423,447172,5994980,9320742,119202.2034,93274.01048,24692444,8639124,0,0,4012704.60720503,10854861.98,351856.05,15219422.64,0,0,0,0,0,0,118,296181,0,0,418050.04,49170310
2024/10/20,0,0,30377.26901,0,0,53532.03,0,0,0,9358.654799,31282.61611,53792.49902,2162.48,2468.83,17370.06158,16803.3082,9715.31,0,0,4283505,0,0,8073606,0,0,0,3484204,17685721,4728016,22670,139689,3488905,119694,479519,0,0,84169.76803,2162.48,0,0,56000.86,17370.06158,0,16803.3082,9715.31,9358.654799,31282.61611,0,0,9011521,22670,0,0,8213295,3488905,0,119694,479519,3484204,17685721,124550.5699,102312.4888,33527036,8978493,0,0,4239007.38203947,10202076.9,366612.38,14807696.66,0,0,0,0,64010.14,1478294,113,275423,0,0,367944.75,46082095
2024/10/27,0,0,56877.1152,0,0,70966.97,0,0,0,8546.979533,48411.46854,67236.49422,2281.06,3160.82,18675.03752,13749.87988,9616.94,0,0,7475921,0,0,8531726,0,0,0,3035153,38340725,4880042,27713,178761,3615272,105827,500760,0,0,124113.6094,2281.06,0,0,74127.79,18675.03752,0,13749.87988,9616.94,8546.979533,48411.46854,0,0,12355963,27713,0,0,8710487,3615272,0,105827,500760,3035153,38340725,184802.5333,114720.2316,57383525,9308375,0,0,4055131.61166599,8991275.59,349269.83,13395677.03,0,0,0,0,138778.97,3205057,105,271402,0,0,320022.47,35845730
2024/11/3,20677.3336,30713.94201,64693.38258,0,0,111192.76,0,0,0,7338.391691,67758.77469,61854.56336,2253.52,3834.44,18822.94507,18931.56483,6784.8,734665,1106574,11852305,0,0,13446099,0,0,0,3546819,40791878,5551232,30018,291647,3756256,126207,388458,20677.3336,30713.94201,126547.9459,2253.52,0,0,115027.2,18822.94507,0,18931.56483,6784.8,7338.391691,67758.77469,734665,1106574,17403537,30018,0,0,13737746,3756256,0,126207,388458,3546819,40791878,302374.5846,112481.8333,71478340,10143818,0,0,3866719.62821223,9211456.81,451927.66,13530104.1,0,0,0,0,169251.56,3908812,96,278532,0,0,287620.66,36016277
2024/11/10,14139.37355,38880.47352,44869.79258,0,0,119472.99,0,0,0,6404.074459,57107.00693,60758.09069,2683.68,6298.99,19154.30295,22458.87891,528.41,568528,1447801,6988672,0,0,11486712,0,0,0,2402150,23457123,5597538,28553,555029,4134686,127983,25546,14139.37355,38880.47352,105627.8833,2683.68,0,0,125771.98,19154.30295,0,22458.87891,528.41,6404.074459,57107.00693,568528,1447801,12586210,28553,0,0,12041741,4134686,0,127983,25546,2402150,23457123,280873.711,111882.3526,46350986,10469335,0,0,5585440.33941069,10369981.98,473982.31,16429404.63,0,0,0,0,216145.07,4991803,118,311559,0,0,308604.74,57322628
2024/11/17,12104.97952,44436.27259,63729.20099,0,0,172367.07,0,0,0,7794.347216,40566.68919,112960.047,1744.08,12372.23,19753.87211,30783.88375,0,450919,1891297,7913928,0,0,18744261,0,0,0,2017552,11262755,11252627,20497,985702,4619170,158892,0,12104.97952,44436.27259,176689.248,1744.08,0,0,184739.3,19753.87211,0,30783.88375,0,7794.347216,40566.68919,450919,1891297,19166555,20497,0,0,19729963,4619170,0,158892,0,2017552,11262755,340998.5595,177614.1129,42280712,17036888,0,0,7396147.02320405,15944306.66,722979.84,24063433.52,1,0,0,0,230278.06,5335073,137,441116,0,0,386808.16,71355127
2024/11/24,46028.15397,54775.47811,137869.6129,0,0,318990.45,0,0,0,12426.24181,276342.598,237289.439,4609.13,70754.23,27508.74895,33628.59147,0,1902220,2175465,14748098,0,0,30740990,0,0,0,1808010,33431948,18395932,31662,3535973,5339682,166567,0,46028.15397,54775.47811,375159.0519,4609.13,0,0,389744.68,27508.74895,0,33628.59147,0,12426.24181,276342.598,1902220,2175465,33144030,31662,0,0,34276963,5339682,0,166567,0,1808010,33431948,846432.5348,373790.1394,84806731,27469816,0,0,8990461.03388207,24841477.44,1226095.13,35058033.6,1,0,0,0,276060.06,6375521,199,676211,0,0,519816.93,111398114
2024/12/1,48581.69118,30182.49979,43326.22265,0,0,162843.13,0,0,0,3665.585929,378118.3232,126975.9683,4055.24,34272.5,33790.44445,34269.98362,0,2046867,1237584,6668492,0,0,15526676,0,0,0,957931,41027490,14768517,43978,1874225,5620242,174995,0,48581.69118,30182.49979,170302.191,4055.24,0,0,197115.63,33790.44445,0,34269.98362,0,3665.585929,378118.3232,2046867,1237584,21437009,43978,0,0,17400901,5620242,0,174995,0,957931,41027490,666717.4527,233364.1364,67465040,22481957,0,0,5932172.13678173,16074889.32,868770.87,22875832.33,1,0,0,0,233471.49,5391951,173,484834,0,0,287696.48,47843162
2024/12/8,46183.55249,27299.18363,88811.77627,0,0,146060.46,0,0,0,1031.044007,124233.9242,96300.70964,3252.24,5732.1,21051.73446,28607.78244,0,1907960,1121661,13129853,0,0,12287294,0,0,0,415197,13432379,12393422,41598,257590,4397554,185659,0,46183.55249,27299.18363,185112.4859,3252.24,0,0,151792.56,21051.73446,0,28607.78244,0,1031.044007,124233.9242,1907960,1121661,25523275,41598,0,0,12544884,4397554,0,185659,0,415197,13432379,433619.9406,154944.5665,42294344,17275823,0,0,8020879.86885879,14462129.19,582297.41,23065306.47,0,0,0,0,0,0,156,360521,0,0,270364.26,41967392
2024/12/15,6332.48228,17641.29723,78684.91191,0,0,192461.12,0,0,0,0,0,91182.57192,2335.24,2011.15,22657.39937,20315.02231,0,247070,747685,11049643,0,0,16694298,0,0,0,0,0,13263971,38424,94731,5261832,159492,0,6332.48228,17641.29723,169867.4838,2335.24,0,0,194472.27,22657.39937,0,20315.02231,0,0,0,247070,747685,24313614,38424,0,0,16789029,5261832,0,159492,0,0,0,295119.8114,138501.3836,28738696,18818450,0,0,8071977.46866213,12881462.82,436929.46,21390369.75,0,0,0,0,0,0,148,362598,0,0,236018.51,33974486
2024/12/22,0,0,52339.05837,0,0,121084,0,0,0,0,0,63328.27135,1890.17,124.37,22545.06056,18020.06348,0,0,0,8351417,0,0,12807400,0,0,0,0,0,9623953,34026,5936,5109703,153029,0,0,0,115667.3297,1890.17,0,0,121208.37,22545.06056,0,18020.06348,0,0,0,0,0,17975370,34026,0,0,12813336,5109703,0,153029,0,0,0,173423.0584,105907.9354,21158817,14926647,0,0,5780679.6642346,9882087.93,339480.64,16002248.23,0,0,0,0,0,0,170,333716,0,0,247580.03,31165819
2024/12/29,0,0,23429.76795,0,0,61941,0,0,0,0,0,38774.32149,2129.05,557.16,22135.22388,16519.17394,0,0,0,5206387,0,0,8358844,0,0,0,0,0,7539418,43399,35778,5176687,135820,0,0,0,62204.08944,2129.05,0,0,62498.16,22135.22388,0,16519.17394,0,0,0,0,0,12745805,43399,0,0,8394622,5176687,0,135820,0,0,0,85370.76795,80114.92931,13565231,12931102,17239.8342541437,1122,4273403.82028191,10276684.29,329951.78,14880039.89,0,0,0,0,0,0,133,290427,0,0,243538.76,33652818
2025/1/5,0,0,20869.45124,0,0,42591.06,0,0,0,0,0,28382.95522,2519.99,703.08,22682.89243,18539.47939,0,0,0,6355651,0,0,5913128,0,0,0,0,0,8343044,51040,47840,5724626,137901,0,0,0,49252.40646,2519.99,0,0,43294.14,22682.89243,0,18539.47939,0,0,0,0,0,14698695,51040,0,0,5960968,5724626,0,137901,0,0,0,63460.51124,72828.39705,12268779,14304451,24135.7679558011,1570,3869261.2694114,11340205.7,532368.3,15741835.27,0,0,0,0,0,0,131,299608,0,0,263231.6,37080818
2025/1/12,0,0,25746.76039,0,0,51080.48,0,0,0,0,7525.326166,34171.99384,3282.88,256.88,21098.0221,16385.57218,0,0,0,7231208,0,0,6553027,0,0,0,0,2193928,5573767,56722,13738,5216169,119021,0,0,0,59918.75423,3282.88,0,0,51337.36,21098.0221,0,16385.57218,0,0,7525.326166,0,0,12804975,56722,0,0,6566765,5216169,0,119021,0,0,2193928,84352.56656,75195.34812,15978163,10979417,24135.7679558011,1570,3657562.95707077,10198982.62,331839.25,14188384.83,0,0,0,0,0,0,117,266352,0,0,230187.58,34586564
2025/1/19,0,0,28839.40599,0,0,63152.26,0,0,0,0,4984.327227,25708.25715,2541.66,0,16471.52566,11550.37912,0,0,0,8614207,0,0,7304697,0,0,0,0,1354879,4846177,43362,0,4533676,87707,0,0,0,54547.66314,2541.66,0,0,63152.26,16471.52566,0,11550.37912,0,0,4984.327227,0,0,13460384,43362,0,0,7304697,4533676,0,87707,0,0,1354879,96975.99322,56271.82193,17273783,9510922,30062.2385440364,6040,3743931.95956542,9508617.03,288839.16,13541388.15,0,0,0,0,0,0,104,251626,0,0,220185.49,29485368
2025/1/26,0,0,35722.40993,0,0,50672.4,0,0,0,0,6080.269287,34484.19748,2476.92,0,13692.13666,8238.832038,0,0,0,9924863,0,0,6069855,0,0,0,0,816094,5984232,31803,0,3519885,61052,0,0,0,70206.60741,2476.92,0,0,50672.4,13692.13666,0,8238.832038,0,0,6080.269287,0,0,15909095,31803,0,0,6069855,3519885,0,61052,0,0,816094,92475.07922,58892.08617,16810812,9596972,32432.8267793305,7828,3060142.58081866,9542898.08,292874.48,12895915.14,0,0,0,0,0,0,97,222402,0,0,217379.65,30403026
2025/2/2,0,0,25042.63688,0,0,41636.23,0,0,0,0,7409.736745,21889.21439,2185.47,231.55,12195.11622,8973.153686,2695.38,0,0,6776958,0,0,5329095,0,0,0,0,1670324,4208706,42053,15492,2831634,66730,123495,0,0,46931.85127,2185.47,0,0,41867.78,12195.11622,0,8973.153686,2695.38,0,7409.736745,0,0,10985664,42053,0,0,5344587,2831634,0,66730,123495,0,1670324,74088.60363,48169.8843,13776377,7288110,32432.8267793305,7828,2991503.03016748,10163654.13,344553.83,13499710.99,0,0,0,0,0,0,102,229808,0,0,266823.65,34870316
2025/2/9,0,0,23156.93268,0,0,35306.67,0,0,214.89,0,4918.149485,15785.17985,2350.15,511.2,16298.34555,9091.976797,7673.45,0,0,5654820,0,0,4330439,0,0,86020,0,1532747,2911840,32902,33696,3548407,59581,980128,0,0,38942.11253,2350.15,0,0,35817.87,16298.34555,0,9091.976797,7888.34,0,4918.149485,0,0,8566660,32902,0,0,4364135,3548407,0,59581,1066148,0,1532747,63596.64217,51710.3022,11604026,7566554,32432.8267793305,7828,4230519.80957689,8932898.4,321150.08,13484568.29,0,0,0,0,0,0,92,221963,0,0,247780.93,29139699
2025/2/16,0,0,22372.06913,0,0,46262.52,0,0,0,0,7332.40137,21235.27681,2987.13,122.29,13818.87687,9936.699188,21179.41,0,0,6320727,0,0,5494048,0,0,0,0,3006695,3858631,59912,7462,3482290,72711,2529518,0,0,43607.34594,2987.13,0,0,46384.81,13818.87687,0,9936.699188,21179.41,0,7332.40137,0,0,10179358,59912,0,0,5501510,3482290,0,72711,2529518,0,3006695,75966.9905,69279.68287,14821470,10010524,32432.8267793305,7828,4326467.16085129,9585095.6,267342.44,14178905.2,0,0,0,0,0,0,112,253894,0,0,278673.17,29845666
2025/2/23,0,0,21326.00245,0,0,50366.15,0,0,0,0,6807.677875,25417.02018,1183.43,271.26,11308.57725,10568.78801,27634.25,0,0,5232909,0,0,6217538,0,0,0,0,2035285,4912656,18666,15493,3139300,81906,3225506,0,0,46743.02263,1183.43,0,0,50637.41,11308.57725,0,10568.78801,27634.25,0,6807.677875,0,0,10145565,18666,0,0,6233031,3139300,0,81906,3225506,0,2035285,78499.83033,76383.32544,13485732,11393527,26944.0128931203,2867,5326364.89284062,9841533.57,321683.25,15489581.71,0,0,0,0,0,0,96,238771,0,0,256561.88,28976679
2025/3/2,0,0,19809.79367,0,0,29333.93,0,0,0,0,2126.765787,15753.85907,1069.99,835.39,14092.19269,11394.53071,30276.91,0,0,4517702,0,0,3465650,0,0,0,0,923041,3384846,17163,47148,3440118,94021,4301222,0,0,35563.65274,1069.99,0,0,30169.32,14092.19269,0,11394.53071,30276.91,0,2126.765787,0,0,7902548,17163,0,0,3512798,3440118,0,94021,4301222,0,923041,51270.48946,73422.87248,8906393,11284518,29816.0958246536,2981,3684905.88584638,10170327.06,322419.79,14177652.74,0,0,0,0,0,0,103,250676,0,0,277982.61,28389979
2025/3/9,0,0,17563.78901,0,0,26342.97,0,2151.75648,0,0,2122.117185,16919.16192,2118.93,815.15,19532.75439,12082.38067,703.88,0,0,3717841,0,0,3063572,0,16837,0,0,1034793,3422911,28608,59437,4037843,96027,38307,0,0,34482.95093,2118.93,0,0,27158.12,19532.75439,0,14234.13715,703.88,0,2122.117185,0,0,7140752,28608,0,0,3123009,4037843,0,112864,38307,0,1034793,48180.63268,52172.25698,7833043,7683133,29816.0958246536,2981,4391566.50752202,9403025.78,353431.04,14148023.33,0,0,0,0,0,0,104,244990,0,0,203789.17,22952673
2025/3/16,0,0,18437.89193,0,0,22210.34,0,5410.967513,0,0,2091.016213,16878.35748,1243.32,204.82,13970.35356,11814.70387,0,0,0,3558258,0,0,2530736,0,46411,0,0,591972,3546979,16624,13592,3122087,79263,0,0,0,35316.24941,1243.32,0,0,22415.16,13970.35356,0,17225.67138,0,0,2091.016213,0,0,7105237,16624,0,0,2544328,3122087,0,125674,0,0,591972,48150.21566,44111.55491,6727377,6778545,29816.0958246536,2981,4334420.44902042,9373705.21,321956.09,14030081.75,0,0,0,0,0,0,112,243921,0,0,196248.67,25830587
2025/3/23,0,0,19318.61824,0,0,37715.56,0,4462.724295,0,0,3850.00674,25999.08327,1052.47,0,14019.12432,10761.43647,0,0,0,3480605,0,0,4340236,0,47262,0,0,1114136,4802411,14843,0,3184720,73572,0,0,0,45317.70151,1052.47,0,0,37715.56,14019.12432,0,15224.16076,0,0,3850.00674,0,0,8283016,14843,0,0,4340236,3184720,0,120834,0,0,1114136,65346.90928,51832.11406,8982239,8075546,29816.0958246536,2981,4249326.0009334,11098731.57,408374.9,15756432.47,0,0,0,0,0,0,103,270750,0,0,235273.98,27648117
2025/3/30,0,0,15414.01401,0,0,54638.86,0,585.061563,8736.64,0,544.521277,10191.83667,1057,0,11907.92443,10158.82628,0,0,0,3780035,0,0,29455816,0,5694,1411864,0,234426,2303999,19247,0,2780991,63010,0,0,0,25605.85068,1057,0,0,54638.86,11907.92443,0,10743.88784,8736.64,0,544.521277,0,0,6084034,19247,0,0,29455816,2780991,0,68704,1411864,0,234426,79919.09685,33315.58738,34887835,5167247,19438.0088681318,2339,4244516.28093807,9207288.88,292868.49,13744673.65,0,0,0,0,0,0,100,261136,0,0,172597.07,22726046
2025/4/6,0,0,15432.02006,0,0,77490.4,0,0,26107.86,0,0,6143.655254,1033.45,437.93,10681.76488,9939.921175,0,0,0,4136520,0,0,14915381,0,0,5097786,0,0,1616714,23341,30915,2219274,68298,0,0,0,21575.67531,1033.45,0,0,77928.33,10681.76488,0,9939.921175,26107.86,0,0,0,0,5753234,23341,0,0,14946296,2219274,0,68298,5097786,0,0,119030.28005724,28236.72131,24149687,3958542,19098.9436507405,2589,4031971.08799406,8515824.07,239971.6,12787766.76,0,1,0,0,0,0,99,252713,0,0,118486.05,17751306
2025/4/13,0,0,16553.27697,0,0,72668.3,0,0,14492.72,0,1442.412491,6922.5081,1061.02,170.43,11722.70558,8738.186113,0,0,0,3546455,0,0,8266588,0,0,3479154,0,183203,1248318,20946,11550,2707765,62244,0,0,0,23475.78507,1061.02,0,0,72838.73,11722.70558,0,8738.186113,14492.72,0,1442.412491,0,0,4794773,20946,0,0,8278138,2707765,0,62244,3479154,0,183203,105156.70946186,28614.8498,15475400,4050823,158213.237768388,15948,3996264.59688182,8219234.01,305421.24,12520919.85,0,1,0,0,0,0,98,232929,0,0,139125.8,18157591
2025/4/20,0,0,18102.15557,0,0,29014.12,0,0,0,0,4731.253305,5044.817759,282.32,1429.44,10926.92744,8929.470284,0,0,0,3660011,0,0,3853091,0,0,0,0,1287102,925042,5613,124049,2671969,64650,0,0,0,23146.97333,282.32,0,0,30443.56,10926.92744,0,8929.470284,0,0,4731.253305,0,0,4585053,5613,0,0,3977140,2671969,0,64650,0,0,1287102,51847.52888,26612.97549,8800204,3791323,167101.707156143,22348,4221937.91487171,9065760.83,346152.42,13633851.16,0,1,0,0,0,0,122,232163,0,0,160489.14,20087758
2025/4/27,0,0,16236.06183,0,0,35312.51,0,0,0,0,6228.891386,7376.35387,0,0,9255.985704,8880.196065,0,0,0,4510600,0,0,4770317,0,0,0,0,1746758,1602049,0,0,2422855,66125,0,0,0,23612.41569,0,0,0,35312.51,9255.985704,0,8880.196065,0,0,6228.891386,0,0,6112649,0,0,0,4770317,2422855,0,66125,0,0,1746758,57777.46321,25512.53564,11027675,4091029,89303.3109189593,16469,3807417.23032739,9499557.94,362122.69,13669097.86,0,0,0,0,0,0,143,249774,0,0,157515.84,23194515
2025/5/4,60935.44975,0,13135.92959,0,0,35574.59,0,0,168.76,0,6536.881642,5436.958757,0,0,9404.048938,9068.702738,254.85,2478236,0,3959811,0,0,4919031,0,0,64149,0,1839820,1266254,0,0,2363212,64158,21197,60935.44975,0,18572.88835,0,0,0,35574.59,9404.048938,0,9068.702738,423.61,0,6536.881642,2478236,0,5226065,0,0,0,4919031,2363212,0,64158,85346,0,1839820,116351.61098077,24164.56043,13261047,3714821,27248.4729247452,10140,3764607.46290672,10069695.79,324778.02,14159081.27,0,0,0,0,72741.1422,1679934,135,248660,0,0,184672.37,23698251
2025/5/11,95666.84837,0,15231.76216,0,0,31425.29,0,0,543.42,0,6420.160566,5897.398385,0,292.76,10845.6437,10571.15366,0.46,3890757,0,4093875,0,0,4383832,0,0,199177,0,2202862,1374790,0,16124,2437472,67775,56,95666.84837,0,21129.16055,0,0,0,31718.05,10845.6437,0,10571.15366,543.88,0,6420.160566,3890757,0,5468665,0,0,0,4399956,2437472,0,67775,199233,0,2202862,149287.48109494,27607.41574,14770503,3896217,37048.4729247452,12389,3945127.66952693,10124016,346314.68,14415458.35,0,0,0,0,147670.753,3410410,122,251910,0,0,214989.13,28486135
2025/5/18,77678.66098,0,17975.33274,0,0,48153.27,6549.882159,1185.354205,279.98,0,12919.14023,8163.983534,0,852.37,14768.45695,10573.91305,0,3159180,0,4510182,0,0,6076491,991272,11874,120904,0,2933384,1819183,0,42459,3203133,74948,0,77678.66098,0,26139.31627,0,0,0,49005.64,14768.45695,6549.882159,11759.26725,279.98,0,12919.14023,3159180,0,6329365,0,0,0,6118950,3203133,991272,86822,120904,0,2933384,164741.62031676,34358.72353,17803287,5139723,44398.4729247452,16539,3970251.29959505,10020127.1,335389.76,14325768.16,0,0,0,0,145978.0261,3371317,115,265728,0,0,230963.6,29835838
2025/5/25,71567.91899,0,21873.20134,0,0,47958.68,9854.616199,1504.303378,279.94,0,13271.93147,8004.18085,0,358.9,14278.97137,8814.118466,0,2910657,0,5968198,0,0,6340289,1678547,16132,132608,0,2584293,1860110,0,16723,3420418,57881,0,71567.91899,0,29877.38219,0,0,0,48317.58,14278.97137,9854.616199,10318.42184,279.94,0,13271.93147,2910657,0,7828308,0,0,0,6357012,3420418,1678547,74013,132608,0,2584293,166310.59137557,31456.17069,19630724,5355132,45615.3354247452,17557,4082193.48088545,11303264.78,420041.99,15805500.25,0,0,0,0,372614.253,8605410,131,285478,0,0,236596.66,29037150
2025/6/1,87290.49718,0,20556.01324,0,0,27343.48,12083.65882,2432.483722,74.89,0,37363.75843,7339.616182,0,0,15729.18123,11122.50367,500,3550092,0,4924504,0,0,3513712,2743106,19822,36999,0,5614793,1646936,0,0,3570301,73620,57304,87290.49718,0,27895.62942,0,0,0,27343.48,15729.18123,12083.65882,13554.98739,574.89,0,37363.75843,3550092,0,6571440,0,0,0,3513712,3570301,2743106,93442,94303,0,5614793,187144.78139527,34691.30108,20403028,5348161,52916.5104247452,17751,4294114.28108264,11510671.96,395021.22,16199807.46,0,0,0,0,309010.0603,7136491,121,277492,0,0,225580.8,26975879
2025/6/8,21571.82426,0,12526.8409,0,0,18673.56,9426.892091,842.984347,0,0,36359.65749,4906.405147,0,0,17356.32867,13881.88886,102.55,877323,0,2455886,0,0,2429281,2341872,5233,0,0,4244372,1146109,0,0,3997709,101370,9576,21571.82426,0,17433.24605,0,0,0,18673.56,17356.32867,9426.892091,14724.87321,102.55,0,36359.65749,877323,0,3601995,0,0,0,2429281,3997709,2341872,106603,9576,0,4244372,99401.7591,36247.17268,12353967,5254764,40563.0410369901,11350,4073785.14372679,10940465.18,296592.66,15310842.98,0,0,0,0,39581.2228,914116,201,322958,0,0,234711.99,27257827
2025/6/15,20868.92039,0,11730.35544,0,0,13028.64,12128.86583,0,1880.71,0,12983.38612,2129.085324,0,0,13552.73065,11080.38895,0,848736,0,2156234,0,0,1775973,2734273,0,858937,0,2049622,446723,0,0,3086244,82857,0,20868.92039,0,13859.44077,0,0,0,13028.64,13552.73065,12128.86583,11080.38895,1880.71,0,12983.38612,848736,0,2602957,0,0,0,1775973,3086244,2734273,82857,858937,0,2049622,72620.87778,26762.20492,10423775,3615824,35621.6532818881,8790,4042347.97523785,10483173.24,494661.27,15020182.49,0,0,0,0,0,0,172,298951,61034.46,1211001.2,253318.96,28761813
2025/6/22,20552.71567,0,8970.64861,0,0,13983.38,10701.66872,0,400,0,3010.747554,2826.557885,0,0,12307.92294,9418.337807,0,835876,0,1965184,0,0,1850888,2512770,0,335861,0,1060441,574786,0,0,2855226,73144,0,20552.71567,0,11797.20649,0,0,0,13983.38,12307.92294,10701.66872,9418.337807,400,0,3010.747554,835876,0,2539970,0,0,0,1850888,2855226,2512770,73144,335861,0,1060441,57619.16055,24552.81863,8561020,3503156,35621.6532818881,8790,7009584.46908056,10734462.64,411192.15,18155239.26,0,0,0,0,0,0,133,284523,61034.46,1211001.2,258451.12,29814199
2025/6/29,8823.611143,0,11318.72025,0,0,3355.68,3543.922255,623.951645,3100,0,852.006929,148.8805879,0,2214.46,20451.89993,12773.55796,0,358855,0,1529861,0,0,590765,772473,4750,1714868,0,299415,37560,0,226671,4100030,96403,0,8823.611143,0,11467.60084,0,0,0,5570.14,20451.89993,3543.922255,13397.50961,3100,0,852.006929,358855,0,1567421,0,0,0,817436,4100030,772473,101153,1714868,0,299415,31617.89222,35588.79848,5270987,4460664,32306.1747575608,9133,5985095.46660782,8922633.49,486384.13,15394113.09,0,0,0,0,0,0,160,299047,61034.46,1211001.2,216942.14,24115029
2025/7/6,0,0,119429.21926655,0,0,17401.62,0,2663.277479,0,0,1100.493867,36389.20913,0,21030.08,46395.39984,24366.63261,0,0,0,15562968,0,0,3851329,0,18413,0,0,347492,4033801,0,1841724,6330132,136737,0,0,0,155818.42839335,0,0,0,38431.7,46395.39984,0,27029.91009,0,0,1100.493867,0,0,19596769,0,0,0,5693053,6330132,0,155150,0,0,347492,140594.61061255,128181.3216,19780202,12342394,20753.0075035063,7407,4117653.42698533,24436230.24,725268.23,29279151.9,1,0,0,0,0,0,206,703042,61034.46,1211001.2,368666.27,46300756
2025/7/13,0,0,3498.363363,0,0,0,0,1414.743947,0,0,319.540363,1282.815928,0,21206.65,24479.43953,15609.70449,0,0,0,974506,0,0,0,0,11907,0,0,86849,389042,0,1836174,4044801,82990,0,0,0,4781.179291,0,0,0,21206.65,24479.43953,0,17024.44844,0,0,319.540363,0,0,1363548,0,0,0,1836174,4044801,0,94897,0,0,86849,5232.647673,62578.60995,1073262,6353007,6085.55750350631,2566,5333548.716,10018844.86,398743.97,15751137.55,0,0,0,0,0,0,169,278016,61034.46,1211001.2,205274.41,21558753
2025/7/20,0,0,24910.94005,0,0,0,0,820.519425,0,0,0,6268.599121,0,2928.17,14432.12248,8670.752656,0,0,0,8645626,0,0,0,0,7098,0,0,0,2375269,0,256488,3525213,57531,0,0,0,31179.53917,0,0,0,2928.17,14432.12248,0,9491.272081,0,0,0,0,0,11020895,0,0,0,256488,3525213,0,64629,0,0,0,25731.45947,32299.64425,8652724,6214501,6085.55750350631,1580,3651378.01434084,10421656.83,380844.18,14453879.02,0,0,0,0,0,0,206,271706,0,0,184212.29,19521215
2025/7/27,0,0,14000.70959,7052.545023,0,40322.91,6645.021951,2688.663747,0,0,0,0.18763313,0,1003.07,21409.19139,8148.634871,797.62,0,0,2613990,2892297,0,7773111,1150951,29056,0,0,0,222,0,66051,4681463,57084,89438,0,0,14000.89723,0,7052.545023,0,41325.98,21409.19139,6645.021951,10837.29862,797.62,0,0,0,0,2614212,0,2892297,0,7839162,4681463,1150951,86140,89438,0,0,70709.85031,31358.70389,14459405,4894258,14874.8409647169,4117,3842695.04234011,10879187.97,442873.73,15164756.74,0,0,0,0,0,0,234,310436,0,0,234636.9,23428623
2025/8/3,0,0,14433.62456,0,0,16172.04,2020.145725,2241.014927,0,0,0,0,0,1581.34,18571.70009,10980.3944,1668.94,0,0,2026030,0,0,2116658,299862,28982,0,0,0,0,0,117680,4190881,69052,162738,0,0,14433.62456,0,0,0,17753.38,18571.70009,2020.145725,13221.40933,1668.94,0,0,0,0,2026030,0,0,0,2234338,4190881,299862,98034,162738,0,0,34866.82521,32802.3745,4471532,4540351,26593.8855796643,7499,4214350.80435018,10972137.59,399428.68,15585917.07,0,0,0,0,0,0,159,308746,0,0,223542.14,23555601
2025/8/10,0,0,14305.30378,0,0,12653.54,0,951.057192,0,1912.755621,0,0,0,2674.14,17002.84418,12115.68482,744.19,0,0,2425615,0,0,1677757,0,13489,0,446692,0,0,0,212489,3876900,74810,78411,0,0,14305.30378,0,0,0,15327.68,17002.84418,0,13066.74201,744.19,1912.755621,0,0,0,2425615,0,0,0,1890246,3876900,0,88299,78411,446692,0,29822.65659,32536.859,4563553,4242610,26593.8855796643,7499,3769761.15961072,11409710.4,453960.5,15633432.06,0,0,0,0,0,0,147,302922,0,0,249521.92,26453703
2025/8/17,0,0,15956.24189,0,0,10799.32,0,740.235201,0,2434.56573,0,0,0,3358.38,18840.80875,3611.596205,1840.3,0,0,3006003,0,0,1352351,0,11298,0,634692,0,0,0,255721,4223871,52451,209399,0,0,15956.24189,0,0,0,14157.7,18840.80875,0,4351.831406,1840.3,2434.56573,0,0,0,3006003,0,0,0,1608072,4223871,0,63749,209399,634692,0,29930.36282,27651.08495,5004344,4741442,26593.8855796643,7499,3701628.07050419,11307171.62,411022.34,15419822.03,0,0,0,0,0,0,127,297446,0,0,266254.42,26793641
2025/8/24,0,0,13223.44915,0,0,11971.55,0,733.856957,0,2783.742046,0,0,0,3669.12,21258.29384,1445.893814,2666.56,0,0,2648156,0,0,1448954,0,12364,0,605022,0,0,0,274595,4754606,22815,220074,0,0,13223.44915,0,0,0,15640.67,21258.29384,0,2179.750771,2666.56,2783.742046,0,0,0,2648156,0,0,0,1723549,4754606,0,35179,220074,605022,0,28712.59815,29039.86766,4714496,5272090,26593.8855796643,7499,6322025.24808924,10974069.7,388443.55,17684538.5,0,0,0,0,0,0,125,293188,0,0,246881.62,25869646
2025/8/31,0,0,15552.7919,0,0,14278.52,0,878.798021,0,2099.946211,0,0,0,3351.18,25495.65609,502.569104,2463.22,0,0,2786127,0,0,1767328,0,11997,0,466828,0,0,0,272452,4868071,3897,167727,0,0,15552.7919,0,0,0,17629.7,25495.65609,0,1381.367125,2463.22,2099.946211,0,0,0,2786127,0,0,0,2039780,4868071,0,15894,167727,466828,0,32810.05613,31812.62519,5032280,5312147,41382.6349186384,13115,4387826.6106285,10943100.03,373572.69,15704499.33,0,0,0,0,0,0,130,281432,0,0,248571.96,27980691
2025/9/7,36952.54043,0,26279.1463,391.918803,0,20931.9,1606.470643,1238.238724,0,4935.491854,26645.7675,0,0,5677.05,25066.28558,439.946781,2229.19,1390972,0,3497465,49023,0,2665054,284726,14250,0,603299,682350,0,0,447588,4007755,3245,133420,36952.54043,0,26279.1463,0,391.918803,0,26608.95,25066.28558,1606.470643,1678.185505,2229.19,4935.491854,26645.7675,1390972,0,3497465,0,49023,0,3112642,4007755,284726,17495,133420,603299,682350,118981.47426099,33412.47236,9187139,4592008,41382.6349186384,15347,2952207.11097533,10785466.2,371464.64,14109137.95,0,0,0,0,0,0,125,270335,0,0,280650.3,31658183
2025/9/14,120083.36989939,0,38006.61221,6057.485205,0,32638.22,8503.222971,3937.215342,0,5241.512013,45971.72965,0,0,8700.03,20690.11556,351.909504,3359.1,4488025,0,5029822,1080437,0,5365654,1325077,44842,0,789778,1177253,0,0,623859,3772857,2688,251353,120083.36989939,0,38006.61221,0,6057.485205,0,41338.25,20690.11556,8503.222971,4289.124846,3359.1,5241.512013,45971.72965,4488025,0,5029822,0,1080437,0,5989513,3772857,1325077,47530,251353,789778,1177253,260439.36729078,33101.15507,19300888,4650757,42620.7301567336,16318,3283752.8564518,11990648.19,455099.96,15729501.01,0,0,1,0,0,0,149,314570,0,0,309987.35,34673753
2025/9/21,110935.82434964,0,40090.93733,3730.114573,0,37600.41,11631.78247,4592.005357,35484.6,2613.524391,44238.183,0,0,6462.6,32227.3812,502.754213,2301.16,4270274,0,5187923,528378,0,4619143,1753281,40491,8013581,428492,1132860,0,0,478012,4880396,3902,159150,110935.82434964,0,40090.93733,0,3730.114573,0,44063.01,32227.3812,11631.78247,5094.75957,37785.76,2613.524391,44238.183,4270274,0,5187923,0,528378,0,5097155,4880396,1753281,44393,8172731,428492,1132860,290917.38146738,41493.89541,25974423,5521460,47225.4920614955,16452,3817580.24082329,11846300.89,408073.21,16071954.34,0,0,1,0,0,0,177,341793,0,0,313674.01,33343590
2025/9/28,84191.98625,0,44709.82717,3684.106759,0,65199.99,20388.53776,5743.961321,32561.18,9794.70422,26128.77675,0,0,11226.4,45560.82353,2450.590129,2911.65,3424076,0,6870465,528077,0,8039565,3707487,53137,6617800,2171193,2015472,0,0,627089,5618079,20592,210782,84191.98625,0,44709.82717,0,3684.106759,0,76426.39,45560.82353,20388.53776,8194.55145,35472.83,9794.70422,26128.77675,3424076,0,6870465,0,528077,0,8666654,5618079,3707487,73729,6828582,2171193,2015472,292403.07023201,62149.46366,33427272,6476542,56175.9242985386,17936,4423840.2500271,11557984.43,720936.74,16702761.42,0,0,1,0,0,0,151,343500,0,0,314256.85,35008931
2025/10/5,66170.07021,0,232666.16408812,2337.268091,0,86883.07,15069.45194,7292.749968,71015.02,13181.53452,15000.50058,0,0,14021.63,56330.07465,3028.645652,3235.68,2651668,0,31540169,263000,0,9800053,1979955,56424,14023445,2958522,1840463,0,0,698507,6057656,27001,249710,66170.07021,0,232666.16408812,0,2337.268091,0,100904.7,56330.07465,15069.45194,10321.39562,74250.7,13181.53452,15000.50058,2651668,0,31540169,0,263000,0,10498560,6057656,1979955,83425,14273155,2958522,1840463,509615.8294,76616.0303,65113699,7032874,56150.1313548465,17865,4127013.2373837,19695395.83,518186.38,24340595.45,1,0,1,0,0,0,159,532041,0,0,468267.17,50542362
2025/10/12,37703.13273,0,39001.26867,2550.466173,0,52977.34,29367.68275,2514.427732,49265.31,3015.730881,2069.00587,0,0,7792.35,27990.86122,2464.679133,15399.54,1533381,0,8529050,288254,0,6361426,3998755,25052,9770083,1145724,204507,0,0,583448,3678931,18085,977519,37703.13273,0,39001.26867,0,2550.466173,0,60769.69,27990.86122,29367.68275,4979.106865,64664.85,3015.730881,2069.00587,1533381,0,8529050,0,288254,0,6944874,3678931,3998755,43137,10747602,1145724,204507,218464.3648,53647.43036,31856232,5257983,58276.590878656,18097,3778449.2036722,10380401.12,386100.12,14544950.44,0,0,1,0,0,0,131,304217,0,0,279488.96,35121276
2025/10/19,134727.86617613,0,55235.74603,2051.42177,0,79624.2,41633.29707,3089.100813,3255.65,1903.989931,0,0,0,1471.87,14181.84934,1942.536313,4595.54,5479363,0,9723942,389451,0,8539572,5596205,35905,658701,713092,0,0,0,103074,2322509,20805,285670,134727.86617613,0,55235.74603,0,2051.42177,0,81096.07,14181.84934,41633.29707,5031.637126,7851.19,1903.989931,0,5479363,0,9723942,0,389451,0,8642646,2322509,5596205,56710,944371,713092,0,321521.27178707,22191.79565,31136231,2732058,55519.4480215132,18041,3672732.25173661,10428964.71,476869.31,14578566.27,0,0,1,0,171668.1375,4577817,127,308551,0,0,271200.98,30765368
2025/10/26,166407.84017895,0,28151.28058,1965.171021,0,78070.51,46385.0525,3631.119942,11005.34,1907.645694,0,0,0,796.83,17531.97191,2019.603844,0.08,6767783,0,4031996,238455,0,7706318,6011775,40382,2626429,738175,0,0,0,49541,2490300,25689,6,166407.84017895,0,28151.28058,0,1965.171021,0,78867.34,17531.97191,46385.0525,5650.723786,11005.42,1907.645694,0,6767783,0,4031996,0,238455,0,7755859,2490300,6011775,66071,2626435,738175,0,337523.95992234,20348.48576,28161313,2565536,48594.056004407,16129,4266783.78409093,11356084.53,432130.2,16054998.51,0,0,1,0,175202.4375,4672065,154,326707,0,0,278941.72,33007929
2025/11/2,148792.04159907,0,20821.88417,2291.707696,0,81891.93,49602.10122,10242.65118,1580.12,7485.234357,844.039187,0,0,786.88,21312.07359,3090.763096,0,6051351,0,2987825,318583,0,8903302,6467137,84395,387408,2486508,124504,0,0,50668,2896480,29777,0,148792.04159907,0,20821.88417,0,2291.707696,0,82678.81,21312.07359,49602.10122,13333.41428,1580.12,7485.234357,844.039187,6051351,0,2987825,0,318583,0,8953970,2896480,6467137,114172,387408,2486508,124504,323551.70940854,25189.71669,27811013,2976925,38295.1214161869,13138,5176816.04688165,12189650.98,490407.46,17856874.49,0,0,1,1,35896.125,957230,179,331502,0,0,266502.53,34680933
2025/11/9,162983.73179428,11955.28086,10704.90777,307.570839,0,89463.84,47966.26488,17035.88779,0,13688.98143,1617.33465,0,0,3315.95,33496.35011,6354.918874,0,6628525,458689,1584778,33379,0,8968224,6384618,122696,0,4301468,168555,0,0,436970,3650957,53511,0,162983.73179428,11955.28086,10704.90777,0,307.570839,0,92779.79,33496.35011,47966.26488,23390.80666,0,13688.98143,1617.33465,6628525,458689,1584778,0,33379,0,9405194,3650957,6384618,176207,0,4301468,168555,355723.80000426,43167.21898,28650932,4141438,47647.8486889142,15919,3591575.61579066,11540127.37,543253.38,15674956.37,0,0,1,1,165037.275,4400994,180,349881,0,0,242577.22,31054289
2025/11/16,154129.45912626,72078.77008,76682.6683,0,0,134514.56,91070.81649,22286.63032,1019.25,24859.52717,4905.347315,0,0,21987.67,58510.19282,9923.875406,0,6268423,2534894,13107527,0,0,12793733,11830937,159831,486345,9685731,767369,0,0,1575510,4867229,75080,0,154129.45912626,72078.77008,76682.6683,0,0,0,156502.23,58510.19282,91070.81649,32210.50572,1019.25,24859.52717,4905.347315,6268423,2534894,13107527,0,0,0,14369243,4867229,11830937,234911,486345,9685731,767369,581547.02880972,90421.73823,57634790,6517819,47647.8486889142,15919,3154494.49205688,16501333.36,790239.28,20446067.13,0,0,1,1,137306.7375,3661513,180,463019,0,0,326776.11,34243914
2025/11/23,106424.76667968,68404.9233,163638.75069402,0,0,216340.19,120427.2692,26076.16246,0,26316.45534,6683.022837,0,0,68395.96,101181.3643,16757.06405,0,4328280,2274915,20976488,0,0,16664523,13144084,166217,0,8994093,859065,0,0,3270661,7072934,128146,0,106424.76667968,68404.9233,163638.75069402,0,0,0,284736.15,101181.3643,120427.2692,42833.22651,0,26316.45534,6683.022837,4328280,2274915,20976488,0,0,0,19935184,7072934,13144084,294363,0,8994093,859065,734311.54050467,186334.3883,67407665,10471741,47647.8486889142,15919,3587456.91407989,25777497.04,1426478.98,30791432.93,1,0,0,1,205625.775,5483354,262,667040,0,0,445707.4,48924801

