,week,spa_spend,sb_spend,sd_spend,google_youtube_spend,bing_spend,google_without_youtube_spend,fb-ig_spend,twitter_spend,tiktok_spend,dsp_spend,fincast_spend,spa_impressions,sb_impressions,sd_impressions,bing_impressions,google_youtube_impressions,google_without_youtube_impressions,fb-ig_impressions,twitter_impressions,tiktok_impressions,dsp_impressions,fincast_impressions,amazon_search_volume,google_search_index,promotion,amz_rev,dtc_rev,total_rev
0,2022-01-30,44500.83,22092.41,4325.97,546.55,390.7,25800.72,9335.77,183.4,101.73,29566.39,0,11441540,2444760,1056869,28376,41358,3132193,1658126,40886,14162,9834227,0,1456556,28,0,22764474.49,1042806.989,23807281.47
1,2022-02-06,300932.28,132668.51,27551.13,4115.99,5065.29,159940.42,159392.67,1632.57,8270.79,231531.67,0,71744667,14923588,6563727,203898,452463,18067295,28969258,348946,3548276,71773358,0,1396513,27,0,23909852.83,1351286.956,25261139.78
2,2022-02-13,299640.63,132830.79,28865.27,5331.71,11850.41,177476.92,100332.69,1266.96,1434.69,247200.01,0,68830377,15734131,6584477,228967,1018559,18371944,13685909,908252,567185,69646630,0,1048628,28,0,22833307.51,1211303.043,24044610.55
3,2022-02-20,340155.14,138830.46,27529.79,5482.39,29439.62,179264.01,139309.98,1735.97,4982.65,274998.07,0,73342081,15370903,6043160,391381,2634762,24811670,19467919,940166,2045875,81645148,0,2061349,28,0,24631016.6,1235169.52,25866186.12
4,2022-02-27,347251.27,118396.05,28671.44,5628.6,7119.19,178286.14,128927.27,1959.42,3901.78,272186.71,0,78473619,14156476,6226234,318498,519239,17624477,19098382,396808,2609092,70084421,0,1334648,28,0,25888827.01,1102512.734,26991339.74
5,2022-03-06,324079.05,110624.24,28157.53,3123.12,21234.49,158709.25,140573.99,2346.55,2918.32,280198.74,0,75216092,13746103,6457846,152538,3996136,16314776,17077874,572748,3554705,60291852,0,1331260,29,0,24001130.15,1140847.503,25141977.65
6,2022-03-13,324388.97,116996.69,32085.22,5170.62,433548.23,207363.79,163979.34,2668.74,3301.87,318389.37,0,75666703,14733474,7242671,224869,46517020,21154248,17550010,626756,2138226,64993459,0,1303060,28,0,24293600.18,1191980.345,25485580.53
7,2022-03-20,315123.01,117528.64,30848.88,6175.11,92160.09,192683.52,202973.61,3500.29,3757.78,305389.75,0,74733802,12307156,6563122,294812,9386002,15260738,21722675,472512,2891511,57538337,0,1365334,29,0,26259324.24,1269015.481,27528339.72
8,2022-03-27,300881.03,110653.35,29375.75,7601.45,21092.11,193573.38,215089.51,6262.43,2101.79,275226.15,0,74792271,11668569,6599521,469305,2226165,15053953,22910284,911567,727553,52427661,0,2023247,29,0,26414677,1180327.157,27595004.16
9,2022-04-03,302789.57,113887.36,28661.75,6200.19,28831.7,179038.65,161971.15,6170.65,6224.97,184512.44,0,74865473,10842157,6215436,301546,3594489,9650671,13547987,901148,3106918,37350671,0,1451382,29,0,24030553.26,1096172.915,25126726.18
10,2022-04-10,307025.53,120039.23,28885.31,5500.18,19563.33,185882.36,148329.36,10420.05,1470.46,230580.66,0,71691641,12414718,5897171,256719,2563663,9529127,13573415,1470526,2034944,43497753,0,1449533,30,0,22029596.22,1114859.579,23144455.8
11,2022-04-17,296005.75,127033.16,30041.29,6460.46,11665.29,150441.41,142311.95,12994.4,2399.27,207836.87,0,75462973,12814979,6026892,368608,1051692,10203434,14049389,2461405,2141011,40718636,0,2058130,28,0,22805479.24,1141705.643,23947184.88
12,2022-04-24,288331.45,118670.74,32776.66,8191.06,8820.08,138676.69,190812.29,13894.4,3211.22,260068.7,0,72525880,12126850,5885305,379123,1122838,8022525,15297889,3458021,2086801,50234514,0,2224407,29,0,24341816.17,1221151.271,25562967.44
13,2022-05-01,294685.04,114041.76,29043.82,9710.94,24071.51,134259.5,182085.04,13816.37,3385.58,288713.53,0,75930854,12294252,5687151,509235,3735000,7514135,16455516,3455339,907844,51724236,0,1423931,28,0,23109332.53,1212523.472,24321856
14,2022-05-08,288728.06,111287.83,27098.16,7922.28,37182.87,170817.9,186089.58,24506.59,9155.64,236177.88,0,70852782,11475684,6124338,597272,6461030,13288688,17562503,6879776,4969874,42882888,0,1421042,27,0,23258210.61,1439135.543,24697346.15
15,2022-05-15,293713.14,119521.07,29476.45,6539.84,30218.18,206913.93,232227.73,21509.85,22226.76,285542.31,0,76500970,10991610,6248774,307072,3315117,15536734,23787418,4939893,8453519,56818072,0,1432683,27,0,22673289.53,1473558.143,24146847.67
16,2022-05-22,319046.61,117501.78,32829.32,6053.04,31788.13,181759.62,172250.1,18650.43,7435.29,322788.4,0,82860361,11598055,6302321,369436,3772308,13155858,22255458,5160210,1762230,65244498,0,1445455,26,0,24460559.96,1433665.692,25894225.65
17,2022-05-29,342850.14,119883.9,36879.17,6406.17,21570.24,180136.06,127386.15,23998.17,1053.99,271400.84,0,87614145,12759285,7279160,331220,3778351,16223625,21152639,4439989,264443,52165766,0,1492912,28,0,25316758.67,1418423.457,26735182.13
18,2022-06-05,327977.29,118829.62,34799.07,7141.01,30486.21,157834.14,103768.06,24340.94,2056.88,260119.9,0,84341100,14866454,6766128,417411,3637909,10575679,13225863,3773039,636052,48936332,0,1475584,29,0,24039579.02,1478522.799,25518101.82
19,2022-06-12,356745.54,121817.05,38084.04,6832.86,36651.24,157913.99,103425.06,20691.83,1651.29,274505.85,0,88081216,14276103,7038448,341000,3511726,9986775,11175185,2957342,476347,53658514,0,1423529,29,0,24485953.37,1536522.745,26022476.11
20,2022-06-19,375167.98,125519.92,33926.38,7975.71,36723.09,155101.86,149237.16,44570.12,48321.94,309869.07,0,87080406,13899977,7080267,431996,4100378,12066803,14097846,6967513,7291155,58243039,0,1435675,29,0,23355553.7,1461804.03,24817357.73
21,2022-06-26,384625.89,140074.38,35787.18,7966.46,51031.78,164750.33,258729.33,43299.89,13154.1,310513.09,0,89771527,14413075,7855583,525303,6203509,13980749,21971167,7381905,3407202,61625186,0,1504638,28,0,23251282.63,1467287.837,24718570.46
22,2022-07-03,364741.77,149707.57,37387.94,8362.18,27875.79,165382.83,82230.46,33082.77,6206.55,239843.38,0,90096208,14826810,7548750,385202,3561789,13769693,8262525,6281546,3984229,42924352,0,1553073,29,0,22606246.46,1743084.112,24349330.57
23,2022-07-10,658708.57,289566.21,73025.55,16028.94,12620.25,287886.19,354550.77,20830.84,15206.92,458776.52,0,144861439,25358593,12541088,679344,1113863,23568838,23985951,4889540,8665379,70385946,0,6849076,37,1,80213335.94,2458319.585,82671655.52
24,2022-07-17,282396.13,133010.76,29390.34,13868.59,14791.34,171465.63,61897.21,49306.8,668.19,115869.51,0,75366376,15270315,6957232,492663,1417225,15664332,6288149,4535716,216498,25153251,0,1518052,28,0,21642905.65,1387642.822,23030548.47
25,2022-07-24,310817.68,119238.52,28236.19,10730.16,1344.75,117573.74,130118.46,88634.88,1427.05,127721.83,0,82116011,14402171,6728224,362141,244205,7275521,17276626,21878025,411501,15007068,0,1891200,31,0,23547483.16,1782382.019,25329865.18
26,2022-07-31,344955.16,132141,26453.58,9429.79,12125.37,163774.69,164845.49,60012.63,480.98,162254.96,0,88947629,15050052,6016526,445821,1217750,7768505,28099009,14689579,162504,22947765,0,2459343,29,0,24285149.3,1566509.88,25851659.18
27,2022-08-07,349736.51,130240.83,25991.37,9649.77,12285.33,163131.9,121164.68,26196.16,489.44,175982.97,0,89793878,15044231,5851393,489196,1171964,10169207,12345050,10021655,153732,33121963,0,1860842,29,0,24296569.8,1627351.814,25923921.61
28,2022-08-14,360774.27,139759.3,29412.49,9690.07,85578.65,168607.55,88331.27,13945.2,16840.74,171385.39,0,92830696,16374618,6384665,306334,8422308,13651140,10979006,3761004,3574600,36991923,0,1615321,31,0,24830032.92,1689275.295,26519308.22
29,2022-08-21,407490.17,150215.67,32817.85,10491.26,634811.97,178278.06,173885.08,48915.09,17779.75,280463.72,0,97176412,17559154,7907124,334610,54234927,14744145,18459072,12489387,3118420,53926535,0,1667119,31,0,27200416.45,1914798.17,29115214.62
30,2022-08-28,433479.03,157383.86,37834.72,10135.38,419119.54,238417.91,185864.06,72023.92,11105.02,234710.15,0,107245390,18736979,8764899,301990,45839855,24811870,19031901,18597514,1350625,58093639,0,1662609,31,0,26518313.95,2051026.317,28569340.26
31,2022-09-04,454978.77,173992.97,38703.46,10865.74,54545.41,209434.48,168735.62,70132.03,32641.78,231686.66,0,120302961,19530560,8858852,396679,8272243,17516083,20390752,16661331,9768487,51237809,0,1783525,31,0,26724422.36,2108982.906,28833405.27
32,2022-09-11,435938.34,176243.09,37066.86,9629.29,42275.25,218763.44,232577.85,84020.88,52041.96,261920.76,0,116139068,19427387,8115111,299307,7370990,18893422,27605617,18249664,15507508,61190474,0,2578732,31,0,26904637.07,2124656.969,29029294.04
33,2022-09-18,453042.24,188132.26,36828.49,9274.31,20727.39,241142.53,412709.28,86254.99,79603.87,335671.3,0,121283946,19864800,6891393,314034,3162649,16443448,36428038,18574606,34987148,87413117,0,2199653,33,0,28910347.65,1990509.07,30900856.72
34,2022-09-25,448918.73,170453.99,35006.17,9203.11,44911.1,251882.42,418768.73,48793.66,29355.93,364640.36,0,123248787,18935230,7325431,344592,6606063,21464067,38417291,12723873,5138016,92522907,0,1915623,33,0,27319834.7,2692891.656,30012726.36
35,2022-10-02,441677.36,189078.23,32890.29,8163.79,114004.42,276430.85,437321.57,44017.89,27160.15,367348.01,0,124883302,22622634,6225200,353924,20282308,20765850,40714348,15292136,4830986,89900911,0,1870896,30,0,24457035.4,2171504.555,26628539.95
36,2022-10-09,596462.51,254977.93,49289.3,8165.58,102525.72,283052.35,361526.65,37832.66,36738.29,679492.82,0,157532588,31956380,7134039,356082,16623030,17530003,31500411,9799275,5674648,137973651,0,3319261,32,1,48841596.47,2779736.019,51621332.49
37,2022-10-16,410721.43,157581.03,31071.57,7711.9,82772.19,271463.11,252116.23,12673.85,46254.35,257768.72,0,115362567,23999772,5400941,396918,8570577,17771116,18957725,2774962,4613624,60996294,0,2527866,30,0,24143024.49,2027143.707,26170168.19
38,2022-10-23,449527.33,163789.36,31370.86,8217.53,65099.17,274539.9,233435.73,15323.84,63477.06,274738.44,0,121318737,24757645,5369381,303224,6557463,17657787,20616890,3269908,7621212,63899686,0,1729607,30,0,25027781.32,2240705.052,27268486.37
39,2022-10-30,517384.36,174388.22,30820.36,7151.81,121256.58,256598.38,282172.52,25977.31,32313.7,342711.33,0,139294209,24614322,5931872,199240,21500243,16248275,26609089,10279742,4502553,106402438,0,1773386,31,0,27143873.56,2168147.396,29312020.96
40,2022-11-06,508749.91,180684.82,28905.25,9255.24,223753.88,257343.57,500068.73,29197.35,46130.37,356034.44,0,139544765,24045896,5173293,300497,38721984,15749178,43949181,14810154,8977237,100513590,0,1857633,33,0,26575308.69,2511920.5,29087229.19
41,2022-11-13,668576.73,250493.65,53956.74,13613.05,11090.48,332105.51,718050.94,46910.14,26479.29,456279.23,0,163614244,30228034,11832289,692190,4773047,15264057,55564963,24373523,6118586,98246886,0,2409155,33,1,34641025.43,3476757.803,38117783.24
42,2022-11-20,1052716.99,405853.16,107481.25,20345.61,1502.16,690762.56,1224399.42,141563.15,83301.45,1050629.11,0,242470514,44817665,15901450,895803,109591,29468757,83614019,53345801,17414834,210861512,0,4496395,46,1,88023576.24,8005531.865,96029108.1
43,2022-11-27,727493.34,279934.04,67217.84,18300.24,2426.21,399257.96,573668.68,128612.21,67944.88,581817.8,0,178924838,34384641,12196255,720389,168513,19950695,35846038,56650314,14440045,106319363,0,3144731,42,1,53356288.44,4213277.455,57569565.89
44,2022-12-04,529284.81,198488.4,36890.32,14072.71,23875.76,272092.54,206676,46566.43,205.15,289405.44,0,130269439,26361482,7309190,624150,1929707,14268136,18083938,21396737,26037,55286918,0,2050155,34,0,43376469.78,3907475.016,47283944.8
45,2022-12-11,523274.62,197129.45,32219.21,12698.63,162389.88,233562.18,305620.44,54521.75,56456.62,418978.41,0,118759996,27065275,6697604,562699,32572802,11464187,27450336,21912786,13517254,87281485,0,2052003,36,0,38627537.65,2990348.733,41617886.39
46,2022-12-18,488924.93,177988.44,29742.42,11743.29,130341.29,165859.01,203813.07,19976.86,94047.04,353542.63,0,114704426,25134889,5536107,789357,34310189,10493148,23328178,7749586,27169984,56138130,0,1813566,35,0,26816885.98,1827166.084,28644052.07
47,2022-12-25,522144.23,201848.74,33274.49,14556.34,51182.47,158209.6,87364.86,0,1269.78,295359.04,0,142800683,28515662,6257704,1155822,5217095,10954753,13723634,0,843716,62686893,0,2143405,38,0,26337989.81,1984558.442,28322548.26
48,2023-01-01,512891.56,193260.76,37923.6,15433.55,15268.22,161266.97,33272,0,0,119606.13,0,137716603,28869492,9165708,1284912,2295436,10198481,7603246,0,6,26382517,0,1799387,36,0,30936085.52,1911205.816,32847291.33
49,2023-01-08,389502.12,164456.42,24398.64,9798.01,25807.54,141957.7,58689.55,0,140,128850.14,0,109998690,24961305,5543117,800628,4418034,9537251,11011243,0,45258,24184039,0,1678973,36,0,26037770.66,1794415.268,27832185.93
50,2023-01-15,363512.55,145755.56,21956.53,6332.99,32263.09,129507.78,141445.67,400.08,140,198920.43,0,100266701,23574623,5429869,543796,4203796,8189711,19532010,175522,40511,36115044,0,1570741,31,0,23793570.01,1848290.53,25641860.54
51,2023-01-22,370442.2,143907.91,27265.25,6328.26,32328.37,130688.46,142811.78,0,54.12,204587.24,0,102340666,23660147,7423166,435865,4616978,9573535,18584346,0,17621,36081778,0,1594400,31,0,24951817.22,1657566.014,26609383.24
52,2023-01-29,373140.69,137055.41,24923.32,6845,32815.87,169176.64,160532.47,10111.37,0,190016.01,0,106090729,24599555,6506495,474930,4396069,20851198,24116023,5242520,0,31236576,0,1622492,33,0,28797291.64,1924588.146,30721879.79
53,2023-02-05,370831.83,136381.93,16438.57,10314.9,13693.39,157228.63,254526.47,2578.2,0,207597.87,0,107557326,24865563,4002941,553742,1501368,12396865,26097366,1166014,0,35976591,0,1577737,34,0,25641438.67,2201004.231,27842442.9
54,2023-02-12,385642.07,139052.07,17162.16,9387.56,35417.12,178511.7,284241.16,6135.54,12325.97,244675.75,0,105923166,23329771,5620944,479579,3853851,12119728,35445038,3114074,3189790,37929729,0,1533210,33,0,24357403.15,2292989.612,26650392.76
55,2023-02-19,401693.04,133714.09,19128.29,10307.5,37423.63,203148.41,296230.89,5585.89,7597.2,206943.48,0,111211011,20582688,6949027,356196,5210727,13302468,28723215,2959382,2135482,31203987,0,1833911,30,0,26058154.65,2681626.658,28739781.3
56,2023-02-26,420813.59,135546.98,27358.35,10091.55,29717.65,227522.96,296271.53,9592.97,4201.16,173213.81,0,115489994,20255307,9299233,464258,3779643,15150124,32167055,5498894,1205666,29032252,0,1833484,32,0,29202399.5,2133135.835,31335535.33
57,2023-03-05,399424.54,129397.62,19550.84,9944.15,12257.08,254478.37,366296.22,9163.37,9803.49,115254.89,0,108171671,20452298,7485349,567063,1339344,16592684,40974732,5202792,2692144,22660509,0,1851255,32,0,30285867.82,2571613.767,32857481.59
58,2023-03-12,419864.39,136850.86,22174.73,9853.3,6635.15,273706.88,434274.59,6957.54,49807.92,146452.37,0,106507756,20890511,10080566,631268,920542,17077552,44914635,3561261,10665001,24380374,0,1797252,29,0,26084420.27,2695646.359,28780066.63
59,2023-03-19,425075.65,140467.33,24025.21,5868.24,39916.88,294380.54,479189.78,6868.58,60768.94,233905.62,0,103213553,21810991,9872229,279810,4758847,17356199,43091469,3268341,16941986,42417347,0,1766937,31,0,27594732.14,3161007.534,30755739.67
60,2023-03-26,525405.6,166455.47,31589.7,6094.67,46762.38,304420.57,446388.11,7206.06,28920.01,278687.16,0,133821032,25799573,11912781,342581,6788448,17547035,37382238,3757916,8063309,62194166,0,2052903,31,0,32076420.29,3093000.959,35169421.25
61,2023-04-02,460838.81,155303.29,24244.1,2282.77,53884.23,266734.33,300961.18,7151.81,79302.23,180358.11,0,109889286,24232100,10373325,107201,5625663,14832782,29218159,5980747,16923091,42557661,0,1703728,33,0,24582611.65,2432188.556,27014800.2
62,2023-04-09,448203.34,165404.88,21696.48,2062.41,14612.41,268117.73,300768.04,8573.18,77953.05,194197.25,0,109194232,25617937,8883298,71674,1438781,17223660,36587896,6079268,17494593,66248869,0,1753182,29,0,26485223.64,2373357.88,28858581.52
63,2023-04-16,467304.62,164285.96,21805.73,1643.31,4638.61,248290.43,302334.19,6831,70422.26,197582.36,0,108751494,25041090,9335784,51480,526316,16199926,27276637,4510884,12983035,40148276,0,1664248,31,0,28314454.65,2714590.22,31029044.87
64,2023-04-23,523030.48,169057.72,19265.77,267.43,21.91,262647.78,282154.23,10134.17,14173.04,209687.05,0,115782148,24334224,7661193,3412,3065,16874293,25674082,7222104,2172142,33356805,0,1804919,31,0,29580309.94,2932127.781,32512437.72
65,2023-04-30,500324.15,156735.62,18834.18,0,0,240229.18,232681.58,3541.95,6190.49,162647.88,0,113441704,23827087,7669819,0,0,15661922,23851265,3401496,1668994,23092200,0,1799118,31,0,26045084.16,2305269.224,28350353.39
66,2023-05-07,580938.81,166735.08,24309.06,343.47,0,248754.63,308340.56,5592.23,4532.36,187649.09,0,125882607,24048974,9488975,4427,0,17003927,33678253,5142063,1109963,25323524,0,1870491,31,0,30086260.05,2918143.158,33004403.21
67,2023-05-14,590805.2,168582.54,29206.6,1606.78,0,229228.27,504485.46,6779.08,33962.13,153747.93,0,128950857,25103758,11713933,238321,0,17080714,51189284,5734864,7478077,20249976,0,1769303,30,0,28321367.46,3084652.916,31406020.37
68,2023-05-21,598223.88,171945.62,34826.23,7630.22,0,226319.61,468879.71,7368.92,18496.68,200694.08,0,129492103,24819833,15221485,328607,0,14773671,46324638,4587315,5007435,24628270,0,1821021,29,0,28086000.45,3253235.455,31339235.9
69,2023-05-28,652000.49,187150.85,35832.61,7649.27,0,263215.22,437376.84,7319.84,42460.92,190263.29,0,145154495,26925913,14644747,267444,0,17142227,48196666,4898740,9829635,25557548,0,2513682,31,0,32641955.78,3378527.091,36020482.87
70,2023-06-04,623237.84,186023.76,30322.72,9089.26,26638.33,257250.1,327977.14,14763.19,27624.05,210925.54,0,140760682,26144077,13283156,699041,2270512,14872040,36771114,9406756,7368307,22758710,0,2381711,30,0,29259803.92,2991436.482,32251240.4
71,2023-06-11,646080.25,187450.82,30549.45,8249.41,48459,297672.52,564577.3,9902.53,58575.63,251587.77,0,145369398,26568404,11020844,286513,7576966,15455083,55461064,5979044,15590591,28118186,0,2459134,32,0,30405877.8,3745108.949,34150986.75
72,2023-06-18,661640.01,192482.41,30343.61,8919.16,33740.47,299352.09,451194.15,4652.81,53076.42,218449.1,0,149403344,26285795,10049155,431987,10841680,14774895,43614235,3517420,18207503,35189204,0,2463114,34,0,29044864.75,3632553.974,32677418.72
73,2023-06-25,703703.89,202158.15,36066.58,9819.65,280248.96,354726.56,542637.96,3211.04,56192.04,426811.88,0,160536670,25671523,11494543,773600,54700979,15657563,55609620,2898416,16407956,65347589,0,2614295,33,0,28478132.78,4241406.584,32719539.37
74,2023-07-02,836116.25,265069.5,43071.25,10945.05,290247.79,365756.59,569216.75,0,68538.28,656290.1,0,186911449,29169491,12176368,602713,51928279,17907982,69743180,0,17322083,103541721,0,3020583,37,0,32635063.91,4866333.964,37501397.87
75,2023-07-09,1787416.31,575759.19,92989.82,13982.01,104845.22,423014.35,832094.81,0,54026.1,1062640.36,0,310819001,53838256,18340808,772113,16301976,20616255,90081845,0,10990654,153289091,0,8852654,48,1,107291542.9,7138673.337,114430216.2
76,2023-07-16,673363.53,195397.43,34099.04,11250.12,3205.94,284973.45,206203.21,0,2890.61,154825.33,0,161498473,27024472,14212167,553654,727587,15943261,25297302,0,2856992,30309663,0,2765877,36,0,25389860.54,3117003.156,28506863.69
77,2023-07-23,714330.74,200103.86,35101.06,11415.99,9248.48,252222.5,185401.48,0,2651.51,103849.42,0,168761022,28141598,13895378,586971,1965624,14615782,23688591,0,1905797,19795983,0,2739308,35,0,26145908.07,2549399.351,28695307.42
78,2023-07-30,852459.66,231432.73,38706.75,9015.47,10329.8,291483.96,339931.94,29472,9002.61,245094.37,0,184197802,31530711,13675230,724801,2506051,22605145,64615807,17405499,6167650,33722062,0,2988071,37,0,28886344.47,2974200.807,31860545.28
79,2023-08-06,960612.38,250325.68,42053.67,9033.21,9643.43,241757.83,352554.41,30143.38,16673.81,306310.05,0,185270281,31929795,13240855,654989,2389046,14592571,67481670,18951536,8483921,35187659,0,2927331,38,0,28344233.77,2504060.956,30848294.72
80,2023-08-13,989017.11,282900.24,41942.97,11056.51,14720.98,244691.61,419293.27,29259.27,21661.45,337735.72,0,192061004,31761446,14442350,533519,2952121,14565518,69369960,15746873,8779101,38897237,0,3043519,37,0,29101231.55,2966265.794,32067497.35
81,2023-08-20,1050250.43,291070.07,42928.61,12092.22,74535.68,300123.31,534792.26,41802.88,85418.42,330013.62,0,207138925,31074438,14830690,1005675,11248343,17597638,63234169,25141152,14604148,38896733,0,2673109,35,0,29085551.35,3228339.287,32313890.64
82,2023-08-27,1232406.48,313191.96,51171.69,11982.6,263280.92,308153.67,475968.29,56188.59,99267.46,757565.31,0,233612786,32904731,16074948,474325,31976264,18335766,60673819,31857309,17871035,115097176,0,3078671,37,0,31701483.73,3204515.897,34905999.63
83,2023-09-03,1263150.34,309224.11,50032.27,11165.23,213672.27,343512.66,467014.78,43859.36,30043.93,525719.72,0,238595253,32840244,13559429,398650,31335283,16208470,61362498,18782164,11760927,80539175,0,3011397,36,0,32749625.23,3702579.514,36452204.74
84,2023-09-10,1273930.31,298244.27,42906.07,10657.18,32721.31,339068.32,341550.51,15584.81,19546.03,380837.63,0,252011672,33344765,12820437,423831,4776241,18695708,41243968,5428293,5187324,63262891,0,3283155,41,0,31940244.89,2967295.616,34907540.51
85,2023-09-17,1113901.2,283462.81,34360.73,11226.57,1667.11,284799.8,394339.27,19059.05,30336.55,334598.03,0,226424707,35134663,9073818,435704,268320,20535100,42545003,7184319,6886020,59986332,0,3744847,41,0,33686150.52,2882382.86,36568533.38
86,2023-09-24,939314.15,260070.59,32588.81,12650.37,71332.05,413784.06,531889.9,43647.45,18848.21,400430.71,0,215730246,32640207,7848941,623544,15831474,34863492,56610377,15776990,6449575,71320900,0,3902571,41,0,32876511.52,3906207.344,36782718.86
87,2023-10-01,958116.42,297753.99,35476.23,13107.93,146411.67,424181.14,560484.55,45733.33,129923.7,537918.67,0,226546884,34344150,8982025,593871,39201191,40989088,57659492,16278334,25265834,103770296,0,3613137,39,0,28591496.01,3008508.823,31600004.84
88,2023-10-08,1628935.21,505105.3,78522.04,14402.98,164812.17,445621.18,813745.84,78630.48,241791.45,1125936.65,0,342136804,50649381,16492599,843885,23210287,37201135,79443599,37776506,46178961,168087514,0,7781244,45,1,74504647.53,4607574.094,79112221.63
89,2023-10-15,858080.69,271114.76,41722.4,12509.14,82954.1,306120.58,462110.37,22743.86,176676.26,455967.35,0,214025360,35173960,13004753,700713,8478831,17858465,49767068,9674249,40756055,58697398,0,3814849,42,0,27060546.54,2452671.889,29513218.43
90,2023-10-22,878299.2,280184.81,36591.24,10790.05,111316.82,282036.9,603605.44,22181.84,174824.92,463903.42,0,227227437,35687151,13400964,573848,11072446,74397937,68217366,7360475,29373467,61468854,0,3228572,43,0,28685260.92,2390681.787,31075942.71
91,2023-10-29,898987.44,288893.8,42895.37,8930.58,69806.65,286591.23,623921.11,21539.67,141347.37,365954.5,0,237895247,37227184,15015365,493075,15324463,17993729,65533772,8569268,14681946,41434809,0,3282418,43,0,30979462.03,3214142.268,34193604.3
92,2023-11-05,884162.61,298563.03,50306.1,14078.71,212435.01,365433.39,704707.44,20784.76,193374.29,499575.42,0,233173489,38949130,17872353,1824225,35153540,18271415,68046045,8423588,18281531,68119580,0,3458348,45,0,32729875.86,4370723.61,37100599.47
93,2023-11-12,1036627.42,333968.49,42232.96,19473.58,98486.77,500501.82,1076153.24,26045.74,292587.12,901493.53,0,254376875,43522349,10582736,1708772,12807298,32998288,82721744,17017391,27578056,154495588,0,4918377,49,1,52715083.89,8017378.154,60732462.04
94,2023-11-19,1542061.91,520625.08,78720.09,33404.4,8576.14,898892.1,1620355.43,81925.21,521793.67,1562974.39,0,436274388,57549245,11780398,2504326,1241220,43417196,95097364,46384519,51401637,255193491,0,8829450,66,1,114095230.7,12534074.61,126629305.3
95,2023-11-26,1024538.67,339542.25,53868.75,26005.63,9334.89,591843.98,695683.94,54862.75,242804.4,648049.63,0,323617755,44169204,15441759,1886296,1552550,31760979,50332450,31909863,24567801,110878215,0,6328123,58,1,66214896.25,7033609.338,73248505.59
96,2023-12-03,535987.68,171868.36,23107.19,14258.66,4068.64,271737.28,132283.26,32118.74,214623.35,308773.09,0,157683245,27580239,6976973,865485,944495,16150420,15309363,17909857,28042709,63744423,0,3538142,48,0,39092959.07,3061816.452,42154775.52
97,2023-12-10,551073.33,149450.66,17606.25,12259.3,5369.91,253061.51,278433.34,34964.8,538315.87,356975.67,0,157778812,24854965,5856776,607738,1068501,16296681,30335538,13678838,78629635,79209727,0,3693655,44,0,45766668.36,3257435.61,49024103.97
98,2023-12-17,536990,150925.87,19373.65,10482.61,8493.04,234605.82,265183.07,37449.4,182568.62,264999.26,0,154417512,22985463,5384690,626203,1876492,19458078,38303883,23559411,22117234,58386988,0,3703453,45,0,38859734.55,2779181.878,41638916.43
99,2023-12-24,481731.55,149384.59,16924.33,9723.17,7207.58,230550.18,122870.16,28026.43,304248.72,82893.81,0,151760865,23231937,5248508,608095,1588267,18667150,20579907,23383935,23002181,23393555,0,3792805,49,0,30349640.35,3093461.823,33443102.18
100,2023-12-31,601940.33,173328.87,20816.19,8660.03,4117.26,213377.33,133580.67,4124.23,86320.75,50309.06,0,208276546,29078766,8840521,724985,1211704,12707692,30298781,4403476,10674781,17589127,0,3667168,55,0,38142888.4,3176588.247,41319476.65
101,2024-01-07,565286.19,153316.61,16794.56,8668.33,2572.89,236673.6,106357.68,13396.96,55446.16,60891.34,0,168395609,25212145,7864346,543360,825141,15251479,24304912,12500564,8792046,18023009,0,3186356,41,0,30362374.09,2964896.989,33327271.08
102,2024-01-14,616791.21,157159.49,18181.46,7896.22,2371.43,234878.07,118155.75,14900.44,95299.66,86336.48,0,184811226,25808614,7466114,416503,708766,15681810,21070078,11981393,14196979,22473482,0,2923088,38,0,30149340.42,2827463.084,32976803.5
103,2024-01-21,608773.54,178035.86,16384.22,8802.64,2696.41,252926.85,188930.94,17867.22,144678.92,116070.1,0,188168349,29794875,6271473,651860,1014428,17071219,25656887,11794316,18512251,33069955,0,2956629,36,0,30452191.28,2674080.651,33126271.93
104,2024-01-28,713828.71,180341.3,21370.06,9178.92,3020.86,278811.54,206278,13701.96,113266.72,123532.88,0,225528295,31796098,10256860,747756,1077611,16599331,26682681,11588580,14051675,38803563,0,3243787,43,0,35782137.39,2972251.633,38754389.02
105,2024-02-04,657425.11,164795.71,15198.19,9063.38,3218.86,335730.76,240198.44,13433.3,197631.97,132132.69,0,200327156,27710254,9054681,683525,812504,21456695,30937780,11639723,38750716,41638076,0,3233696,41,0,32015186.67,3266320.137,35281506.81
106,2024-02-11,671769.12,166606.76,16169.63,9637.79,3164.08,371338.02,231605.08,17901.35,206002.22,99861.04,0,200406233,28079675,8072234,712371,743737,23440908,28096782,13605753,41803437,29938975,0,2930893,41,0,31740100.96,3898267.085,35638368.05
107,2024-02-18,719396.75,166991.15,14593.85,9521.62,3657.02,307028.12,194553.8,7148.67,116734.76,90448.96,0,206069244,28058997,5760707,598601,805412,17312210,21827978,6874923,12104260,26912303,0,3039417,40,0,34015624.4,4697844.099,38713468.5
108,2024-02-25,833600.7,172294.13,22306.97,8880.8,4402.12,322271.85,362385.35,8349.37,118106.84,163950.48,0,243137605,30385927,9973638,589974,836077,19591456,38823316,7601996,11861182,55676385,0,3221443,40,0,38423528.63,4379311.844,42802840.47
109,2024-03-03,816945.2,162128.57,23583.63,8869.94,34020.56,318786.51,392624.92,7330.51,99317.8,221932.25,0,235355646,27284638,9160953,654212,8276029,22577112,43759240,6659392,9967225,56849938,0,3170554,40,0,37734033.66,3558032.864,41292066.53
110,2024-03-10,826856.39,156730.91,25631.1,11042,153998.39,399498.56,528143.96,8131.99,97904.05,366318.38,0,221734122,26184567,9524495,1624347,31581099,24859482,57132795,8543022,7830614,81973439,0,2933968,38,0,35186926.41,4668398.536,39855324.95
111,2024-03-17,997695.94,199774.31,29736.63,14320.57,102399.39,521020.02,546295.64,12999.72,116275.27,580871.78,0,285925414,31814999,11595339,2467105,16866758,35737212,53043835,12109203,10852539,106237191,0,3634517,43,0,46689951.23,5164124.811,51854076.04
112,2024-03-24,948019.83,185504.97,28614.2,16424.69,20190.88,592700.17,802338.97,11222.01,84231.21,422760.06,0,284478384,31308439,12156096,2749426,2184035,35719266,58238488,12858661,6248176,89795426,0,3492687,45,0,41335857.54,6005301.922,47341159.46
113,2024-03-31,857960.57,169969.06,18433.91,12806.69,4109.75,382064.82,280977.12,6710.89,49517.72,203140.71,0,265476112,28228263,11167596,1344474,1815143,24958712,27644433,8765967,4045965,44873741,0,3188209,41,0,35847851.33,3982096.15,39829947.48
114,2024-04-07,835885.94,169278.34,19641.77,10700.4,4089.06,350352.9,198733.69,5941.04,37890.72,220752.57,0,263719342,26910168,12939398,636071,1646038,22116729,22278145,6975188,2975143,50282071,0,2961924,40,0,34552851.92,3757671.301,38310523.22
115,2024-04-14,897782.9,182985.11,19898.98,13795.94,2100.51,497016.93,338843.45,9668.16,51209.9,307397.48,0,302636048,28955024,18135127,1098750,385559,26436928,43879295,11392892,5093397,69575294,0,3303929,42,0,43248132.01,6520004.641,49768136.66
116,2024-04-21,918234.1,183123.73,25835.69,13998.78,879.64,553346.06,374769.9,3068.39,76219.14,284058.14,0,280424302,28328300,18025619,1183962,265192,26553781,54031164,3412316,4897372,54112180,0,3299734,46,0,39238614.05,5464160.6,44702774.65
117,2024-04-28,916342.16,179461.33,23778.67,12323.18,1141.49,437132.44,264984.26,4629.55,131173.62,195528.55,104461.5531,278394975,31267826,16313856,1249464,448492,23233566,44669535,3980960,8978761,38609197,602953,3126745,45,0,39381873.09,3937497.73,43319370.82
118,2024-05-05,921896.06,178071.83,20502.42,11782.43,1579.58,569573.52,460215.36,6473.9,106238.53,264944.5,180228.6292,260382971,29547810,14300103,962449,503620,28809492,70762505,4775766,14920670,55780033,4106065,2646071,42,0,38464608.35,4826774.281,43291382.63
119,2024-05-12,964712,182554.77,26032.07,13876.78,3055.03,636602.19,575912.64,7480.9,217896.96,224300.53,176248.753,281799976,28163065,16166676,978800,550569,82815431,74059908,5894653,37394868,42193745,4106065,3101761,43,0,39361736.74,5622788.233,44984524.97
120,2024-05-19,1033540.72,193012.99,18373.9,17085.95,32963,615325.85,446030.44,9854.4,114987.8,247983.41,136510.4378,283573858,29163515,10675034,1738850,5498449,29900443,44541917,6314618,9491070,42433386,4106065,3214141,44,0,47029371.37,11320526.96,58349898.33
121,2024-05-26,1105296.22,208766.46,19265.23,21920.07,19239.33,614076.31,431248.76,16822.7,107717.03,266784.05,134798.7455,293727539,32589877,9006378,2293868,1807063,27139129,42587101,11933805,9664417,60059435,4106065,3606869,42,0,47385918.85,8385381.629,55771300.48
122,2024-06-02,1015607.45,194785.52,19745.16,19609.5,93124.77,693713.57,411246.72,16248.81,62398.8,224727.12,297825.5404,261546097,29263414,10232054,2352517,16765212,27986505,39282512,10550614,6438875,42845240,3757651,3464170,48,0,46882666.79,7803337.975,54686004.76
123,2024-06-09,1030103.27,189260.26,20939.43,18266.94,258390.1,689323.47,475622.24,10643.16,48465.4,231366.95,169215.7072,253649537,28209086,15840985,1912233,38505196,27199021,48574228,6487494,5813923,40854388,7515303,3333370,49,0,44079956.25,7030618.478,51110574.73
124,2024-06-16,1043494.74,192933.69,22773.84,18174.82,30826.03,695994.05,537868.62,8146.44,147262.24,227958.7,0,256771200,28613619,19041956,2397947,5706325,35011612,57820387,5126409,21302836,41494218,0,3333877,47,0,45517674.55,8441800.78,53959475.33
125,2024-06-23,1035387.74,204701.83,21113.22,18440.2,14142.44,647770.54,469697.7,7525.51,22734.01,205706.68,0,259749452,29475261,16495698,1541452,1715475,35898818,48939850,4102247,5987651,40920157,0,3401466,48,0,39185027.8,5335548.743,44520576.54
126,2024-06-30,1030576.15,212305.19,23628.48,19407.48,28901.16,544684.71,449293.38,10119.89,63395.21,325495.61,0,248836727,29819473,14817476,1650867,4681146,35895886,62328505,7151450,13506577,59049927,0,3567863,62,0,37887010.3,5585526.411,43472536.71
127,2024-07-07,1333639,286599.98,26552.87,19762.57,67735.65,853415.02,823940.36,8941.84,142533.96,703047.98,0,350151878,42334255,12831110,2490831,13889154,50221740,96741030,5895381,33115107,119466037,0,4647209,67,0,52184517.14,9322732.657,61507249.79
128,2024-07-14,3110349.68,696268.89,74993.09,30278.04,77516.74,1292129.37,1060443.84,15863.43,62208.56,1049033.31,0,686313078,77151562,20692974,3327332,12252236,64197543,96456805,6919263,25149257,146234019,0,10490293,83,1,158345587.9,18248427.36,176594015.2
129,2024-07-21,921115.1,217317.58,21147.7,17912.02,4298.96,548777.51,263909.41,7258.92,11504.04,125002.75,0,245747817,33007264,13001252,1986264,1728386,34487220,25006176,2400988,3058181,24831055,0,3523319,64,0,34639763.13,4193388.911,38833152.04
130,2024-07-28,1009129.9,209027.01,22060.57,17459.8,1396.08,530249.03,268202.38,2972.42,10400.36,116640.2,0,269447518,34171552,9183266,1851817,392102,32961426,37467194,1190128,444936,25074823,0,3263949,59,0,40074404.81,5453349.888,45527754.69
131,2024-08-04,1140030.43,222895.84,24460.76,16525.92,5091.79,451420.61,368183.71,2048.55,22487.51,181269.7,0,297668745,37624861,9336738,1876218,1142332,35264023,39846574,1516986,3531393,34438233,0,3516564,66,0,45349357.61,4648827.092,49998184.7
132,2024-08-11,1206368.66,233866.71,28685.21,18842.36,18980.71,688837.33,468864.31,4286.34,18150.8,229210.65,0,303470871,39096975,10932529,3338587,2134557,58713782,50399282,3336283,3643993,42550047,0,3764477,72,0,44984675.5,6057976.35,51042651.85
133,2024-08-18,1189974.07,225559.73,26254.57,20097.99,57512.39,677632.52,466722.53,5621.55,46587.93,243905.7,0,285527121,40086184,12946775,2231643,17818888,50265097,43996252,3180641,4144684,42211930,0,3511511,67,0,45408887.75,6682832.039,52091719.79
134,2024-08-25,1409693.59,236240.39,34337.17,19979.17,40289.69,457370.7,464676.96,6061.43,27612.89,261305.15,0,304633412,41615544,12719274,2140144,8858314,26696898,50163384,3248621,6592312,50271056,0,3875235,67,0,49105967.34,5315837.077,54421804.42
135,2024-09-01,1303753.18,237035.75,34461.52,19648.05,555739.1,504273.55,644379.18,7913.13,23585.46,284310.97,0,282657989,40117937,12599998,2063276,88866118,30072117,76552409,3544930,9620060,54339502,0,3876436,68,0,49030523.78,5723591.567,54754115.34
136,2024-09-08,1276559.24,238457.8,30368.52,15617.23,169439.64,528341.01,578862.38,9559.79,21637.74,344957.73,0,270803002,38633705,10848274,1704069,38458110,28531755,63951247,4703653,13214798,81746095,0,3724689,68,0,44215575.91,4626215.478,48841791.38
137,2024-09-15,1330004.76,234806.1,29048.84,13712.26,77214.02,496470.45,507572.28,14012.24,64402.86,304134.62,0,281257570,36270894,11582193,1445124,32324870,27591060,56861187,5898593,16497357,68399385,0,3871812,69,0,44707038.96,5683602.805,50390641.76
138,2024-09-22,1361804.23,251385.38,35796.08,15314.99,271398.72,459128.73,494411.42,20236.04,263868.87,408852.34,0,341364030,38224888,24770994,1611801,48713966,25203434,59256509,8451740,47474178,81305295,0,4101315,68,0,44906731.55,4986673.494,49893405.04
139,2024-09-29,1347988.35,264450.55,39790.83,16754.39,420106.98,696390.7,847128.29,18696.15,39747.79,714215.91,0,355232906,39974611,27693344,1441439,91463908,35219233,88804472,10496642,4994890,106688931,0,4160649,72,0,45650437.5,7718532.728,53368970.23
140,2024-10-06,2749483.85,533260.79,98835.47,23490.51,239156.56,938070.89,936107.42,15510.05,71786.75,770681.15,0,593183866,67859963,32877499,2131093,48020742,44871173,94764866,8501697,12057071,121931548,0,8183292,76,1,113329031.1,13930084.04,127259115.1
141,2024-10-13,1543802.91,311995.28,50171.93,18024.89,134901.78,564435.47,410085.28,10054.98,49998.01,275509.8,0,335908554,48892975,19404874,1941870,30490566,28943495,49948509,5995000,12422017,81348996,0,4956577,74,0,60778243.09,5918280.747,66696523.84
142,2024-10-20,1178222.65,254449.24,36011.23,15949.95,96909.5,391498.84,364300.01,9358.65,137596.86,237838.31,0,224594447,42453186,12549658,1549317,35250314,25288715,51032707,3484204,23670035,58340163,0,4215173,68,0,42157671.31,4402227.831,46559899.14
143,2024-10-27,1181190.36,241546.25,38068.71,12351.93,96614.36,393358.91,361116.32,8546.98,91698.16,298798.65,43596.0421,220020976,43469188,19714795,1101753,48847210,24912210,46446314,3035153,20064494,63778614,0,3603994,65,0,40881221.54,5271422.781,46152644.32
144,2024-11-03,1154070.67,244751.47,38710.48,18820.42,131893.54,498356.89,503685.77,7338.39,78596.44,366775.22,164332.16,229274950,45876329,19247363,2298195,58157194,31442994,57383770,3546819,22128599,69901281,5272788,3773188,67,0,44881166.06,6028720.265,50909886.33
145,2024-11-10,1212547.93,270049.27,35143.23,33173.91,134681.36,718082.79,794627.28,6404.07,60637.76,425822.73,204545.5195,309818088,49534805,18553645,4411074,38153926,57027577,71599960,2402150,22354323,84026607,5272788,4057781,70,0,46675838.84,7890762.032,54566600.87
146,2024-11-17,2075926.25,500495.68,80686.36,49030.72,118155.51,1146329.17,1234358.57,7794.35,73060.93,695763.58,232617.8621,510919687,68033207,28289157,6442466,23296249,65647489,108118732,2017552,15362376,127684857,5272788,6610602,76,1,92800975.96,15719700.11,108520676.1
147,2024-11-24,3842566.42,851485.47,116060.06,68508.63,318933.9,1670964.17,1886115.5,12426.24,92261.68,1445183.5,267424.6104,1039204929,94954682,39864440,8182799,38608461,74087709,154551052,1808010,20101215,200593070,5272788,9573695,100,1,171321328.1,24096245.3,195417573.4
148,2024-12-01,2298769.98,525190.64,56794.06,40197.15,387614.3,763180.13,687383.59,3665.59,25622.48,627837.13,218696.8688,594512555,68914549,28969751,3553725,42284676,39657125,58328591,957933,8208819,110816224,4097343,6752340,93,1,100940850.8,13682054.49,114622905.3
149,2024-12-08,1189450.85,270726.84,32868.6,19971.58,136494.26,360951.01,348792.23,1031.04,35679.45,370863.28,283109.256,203552079,43822681,22519896,1879406,19382886,19159070,42228281,415197,15745026,51905686,4097343,4297541,79,0,59098060.05,4914094.493,64012154.55
150,2024-12-15,1143626.25,245846.04,33328.09,20878.26,23232.46,417095.35,551190.16,0,38467.97,317770.2,30438.8175,190221783,41158883,22808309,2378109,5936067,23313050,61654215,0,9247755,54179686,4097343,4286212,76,0,57040655.54,5190437.947,62231093.49
151,2024-12-22,991246.74,242232.68,24069.55,21010.07,145036.53,262488.49,279081.5,0,22914.61,187999.45,0,168078911,42177080,16942687,2195417,13480217,16886874,41925102,0,2325718,29657540,0,4229149,84,0,39332984.75,4863860,44196844.75
152,2024-12-29,263895.51,63543.78,6638.22,6285.51,75987.94,60292.44,63507.14,0,22,52168.54,0,44564949,11653708,4650520,825926,8117046,4619448,8497893,0,1378,10211320,0,4355927,82,0,10965640.17,1413236.89,12378877.06
,,,,,,,,,,,,,,,,,,,,,,,,,,,,,
,,,,,,,,,,,,,,,,,,,,,,,,,,,,,
,,,,,,,,,,,,,,,,,,,,,,,,,,,,,
,,,,,,,,,,,,,,,,,,,,,,,,,,,,,
,,,,,,,,,,,,,,,,,,,,,,,,,,,,,
,,,,,,,,,,,,,,,,,,,,,,,,,,,,,
,,,,,,,,,,,,,,,,,,,,,,,,,,,,,
,,,,,,,,,,,,,,,,,,,,,,,,,,,,,
