geo,population,week,spa_spend,sb_spend,sd_spend,bing_spend,youtube_spend,pmax_spend,shopping_spend,search_spend,sa_spend,display_spend,demandgen_spend,fb-ig_spend,twitter_spend,tiktok_spend,dsp_spend,promotion,amz_rev,dtc_rev,total_rev,spa_impressions,sb_impressions,sd_impressions,bing_impressions,youtube_impressions,pmax_impressions,shopping_impressions,search_impressions,sa_impressions,display_impressions,demandgen_impressions,fb-ig_impressions,twitter_impressions,tiktok_impressions,dsp_impressions,google_search_index
de,84207449,2023-06-11,3773.62,1084.4,0,261.76,1866.23,25200.16,0,47338.59,0,0,0,64089.52,0,5946.26,1.09,0,49190.0754,1221636.47,1270826.546,318061,210507,0,1381,765486,1734231,0,917209,0,0,0,8186847,0,1296676,188,19
de,84207449,2023-06-18,3724.47,1392.21,0,239.29,4860.9,37642.63,0,65943.88,0,0,0,65031.85,0,940.1,774.65,0,85629.1132,1056805.989,1142435.102,292052,198179,0,1390,1339678,1122599,0,2678107,0,0,0,8156131,0,195813,194103,18
de,84207449,2023-06-25,4678.29,2489.55,0,428.43,2031.52,58121.62,0,88839.21,0,0,0,107123.26,0,0,5598.88,0,103581.7344,1209915.2,1313496.934,448067,318703,0,1760,117046,2765363,0,585752,0,0,0,12055401,0,0,1725025,17
de,84207449,2023-07-02,5055.89,2575.75,0,346.09,0,57808.98,0,69599.53,0,0,0,58057.05,0,0,8358.71,0,92798.203,1333119.42,1425917.623,361899,322082,0,2055,0,3446164,0,492518,0,0,0,7126449,0,0,2668794,19
de,84207449,2023-07-09,14062.99,8007.96,1263.41,241.23,0,57612.06,0,64531.84,0,0,0,52634.11,0,0,19783.04,1,534243.5344,1279290.211,1813533.746,841081,765122,127220,2523,0,3688200,0,450428,0,0,0,6047893,0,0,3241576,21
de,84207449,2023-07-16,3683.46,1537.92,159,347.39,0,53820.73,0,47885.2,0,0,0,41921.46,0,0,4292.23,0,40203.6264,1124572.799,1164776.425,294242,150417,37350,2091,0,3576252,0,361906,0,0,0,5678692,0,0,1519690,18
de,84207449,2023-07-23,3458.44,1428.77,125.23,204.05,0,33477.76,0,57946.82,0,0,0,23527,0,0,2843.45,0,68610.4375,566546.9017,635157.3392,332795,148041,23210,1972,0,2208163,0,393565,0,0,0,3589876,0,0,1240830,14
de,84207449,2023-07-30,2872.42,1163.11,124.34,139.91,0,38897.53,0,46188.34,0,0,0,29790.08,0,0,3144.44,0,80303.5611,631982.9968,712286.5579,269048,152491,21908,1830,0,5209063,0,251276,0,0,0,4222252,0,0,1572209,13
de,84207449,2023-08-06,3993.16,1302.75,22.81,187.8,0,19333.65,0,40809.39,0,0,0,41556.17,0,0,3359.44,0,52491.9069,350704.6585,403196.5654,400192,180153,3875,1770,0,2209431,0,253930,0,0,0,5430647,0,0,1612367,13
de,84207449,2023-08-13,7127.61,1682.99,0,346.12,0,25293.83,0,40074.52,0,0,0,71717.58,0,0,5181.61,0,140923.0794,567624.2996,708547.379,595154,146956,0,2396,0,2300239,0,340730,0,0,0,9302532,0,0,1815843,15
de,84207449,2023-08-20,5483.1,1720.27,0,323.42,0,44364.75,0,49556.48,0,0,0,91569.18,0,0,6076.4,0,120744.2434,644863.1629,765607.4063,346786,195262,0,3807,0,2949429,0,322045,0,0,0,10113861,0,0,1780454,20
de,84207449,2023-08-27,6549.83,2135.74,0,287.06,0,32821.26,0,35680.09,0,0,0,75070.37,0,0,6371.04,0,124071.6081,659694.7168,783766.3249,550529,265109,0,3919,0,2158182,0,240520,0,0,0,7505189,0,0,1512734,15
de,84207449,2023-09-03,5246.81,1402.85,0,263.59,0,26543.27,0,34190.82,0,0,0,62581.12,0,0,6853.68,0,108417.7936,967591.9795,1076009.773,473148,248631,0,3554,0,1423054,0,238721,0,0,0,5998878,0,0,2252522,18
de,84207449,2023-09-10,3281.01,1262.1,0,280.75,0,20252.62,0,36920.34,0,0,0,49266.39,0,0,7785.46,0,64631.1704,414342.1729,478973.3433,407758,191797,0,3748,0,1488476,0,180913,0,0,0,4476820,0,0,2896176,16
de,84207449,2023-09-17,2674.45,1093.64,0,193.5,0,17093.27,0,32727.14,0,0,0,54188.36,0,0,3803.98,0,35278.1692,361716.9721,396995.1413,417512,143262,0,3841,0,1061223,0,178922,0,0,0,5039510,0,0,1390420,17
de,84207449,2023-09-24,2778.25,1379.44,0,330.46,0,22873.62,0,33780.76,0,0,0,75523.28,0,0,6940.82,0,135731.5495,440449.2592,576180.8087,383020,198407,0,4227,0,1566376,0,181862,0,0,0,6003323,0,0,2428277,20
de,84207449,2023-10-01,3108.26,1986.98,0,202.69,0,14551.23,0,35691.9,0,0,0,73831.66,0,0,12560.81,0,112645.6476,341997.3601,454643.0077,208989,268613,0,4511,0,1315647,0,190977,0,0,0,5799482,0,0,4582676,18
de,84207449,2023-10-08,7895.88,4426.21,469.97,289.68,0,15467.39,0,38357.04,0,0,0,73928.41,0,0,35581.48,1,468963.699,531847.6037,1000811.303,737418,336061,34407,5280,0,1210228,0,222177,0,0,0,6225397,0,0,9720817,15
de,84207449,2023-10-15,1006,836.3,52.52,277.42,0,10212.08,0,29119.98,0,0,0,36259.23,0,0,4.82,0,54789.8243,178442.2553,233232.0796,50256,143794,7513,3410,0,794563,0,184111,0,0,0,3209979,0,0,774,16
de,84207449,2023-10-22,1265.52,860.89,50.05,367.26,0,5047.22,0,18573.79,0,0,0,38978.92,0,0,0,0,49600.3189,139318.8836,188919.2025,100690,128885,8460,3212,0,182464,0,132514,0,0,0,3418832,0,0,0,11
de,84207449,2023-10-29,3452.03,1257.28,42.61,71.8,0,10130.73,0,25209.84,0,0,0,61689.63,0,0,1094.74,0,101630.4108,634444.9016,736075.3124,247038,160237,10916,475,0,520523,0,148420,0,0,0,4406900,0,0,660939,15
de,84207449,2023-11-05,1694.06,1277.34,17.21,0,0,20452.94,0,39918.15,0,0,0,47742.05,0,0,2274.09,0,118706.1474,703770.3137,822476.4611,120105,129374,2775,0,0,1012871,0,247187,0,0,0,3661001,0,0,1008254,13
de,84207449,2023-11-12,7072.8,3358.59,244.59,0,0,11977.26,0,49230.66,0,0,0,54611.96,0,13007.02,14622.71,1,251342.5489,580326.8677,831669.4166,533589,306648,15399,0,0,792066,0,256186,0,0,0,3787913,0,4281617,4122101,16
de,84207449,2023-11-19,7332.69,4761.21,690.68,559.59,0,23677.95,0,62412.34,0,0,0,107749.09,0,17982.07,29810.16,1,409528.2213,988217.4504,1397745.672,739942,439698,28737,3905,0,1292638,0,298862,0,0,0,6823226,0,5916255,4629499,17
de,84207449,2023-11-26,4018.05,2096.46,109.76,583.38,0,18277.92,0,39457.32,0,0,0,81592.07,0,11207.99,7246.01,1,150945.6641,655746.502,806692.1661,284973,219568,11026,4063,0,978454,0,197281,0,0,0,6806745,0,3125074,732545,14
de,84207449,2023-12-03,1789.17,1029.59,12.07,773.75,0,5866.5,0,10627.9,0,0,0,5164.86,0,152.92,0,0,39620.767,173844.5989,213465.3659,119668,166735,1316,3196,0,335768,0,26118,0,0,0,474243,0,43398,0,7
de,84207449,2023-12-10,5866.42,2144.63,333.27,688.99,0,12196.13,0,20327.54,0,0,0,21755.66,0,0,0,0,142439.1119,380867.163,523306.2749,726630,235456,52917,3938,0,695142,0,69967,0,0,0,1900351,0,0,0,9
de,84207449,2023-12-17,4683.2,2112.04,17.83,269.74,0,19536.58,0,15795.8,0,0,0,22903.91,0,0,0,0,90185.6766,277636.3502,367822.0268,593634,237067,2892,3601,0,1708545,0,59663,0,0,0,2244168,0,0,0,11
de,84207449,2023-12-24,3812.6,2303.37,75.31,177.36,0,16702.07,0,14527.6,0,0,0,10603.49,0,0,0,0,87329.6368,436788.7251,524118.3619,499098,221724,6969,3030,0,1515643,0,50733,0,0,0,1280175,0,0,0,12
de,84207449,2023-12-31,1459.98,1156.96,2.68,262.55,0,13563.08,0,12496.82,0,0,0,8807.53,0,0,0,0,60438.5001,425397.0351,485835.5352,140972,124513,134,3599,0,1139705,0,47790,0,0,0,1388177,0,0,0,11
de,84207449,2024-01-07,1092.67,902.91,0,306.1,0,12967.82,0,12309.28,0,0,0,5292.01,0,0,0,0,24051.5548,182881.6717,206933.2265,117965,112204,0,4064,0,1319403,0,52270,0,0,0,775396,0,0,0,11
de,84207449,2024-01-14,1093.02,731.43,0,178.8,0,11493.89,0,10911.72,0,0,0,5800.63,0,0,0,0,30735.6584,171106.2347,201841.8931,118082,92104,0,3277,0,1107534,0,37520,0,0,0,872836,0,0,0,12
de,84207449,2024-01-21,1012.28,533,0,236.75,0,12101.76,0,11695.95,0,0,0,3511.68,0,0,0,0,60474.1927,191784.7629,252258.9556,96401,79840,0,3859,0,1068110,0,38652,0,0,0,558040,0,0,0,13
de,84207449,2024-01-28,1245.73,176.9,0,191.54,0,15585.97,0,11086.3,0,0,0,2011.06,0,0,0,0,80086.0596,264955.3969,345041.4565,98208,30715,0,3828,0,1530615,0,38028,0,0,0,307624,0,0,0,18
de,84207449,2024-02-04,1340.35,278.53,0,248.69,0,31345.88,0,19430.37,0,0,0,31252.28,0,0,0,0,127883.2011,333945.6381,461828.8392,137258,47727,0,4050,0,3041585,0,172220,0,0,0,4015046,0,0,0,18
de,84207449,2024-02-11,1302.66,299.17,0,364.55,0,46132.36,0,22155.12,0,0,0,38252.45,0,0,0,0,130240.6335,786212.0962,916452.7297,150249,39452,0,4467,0,3971163,0,152392,0,0,0,4196878,0,0,0,19
de,84207449,2024-02-18,787.4,152.29,0,358.93,0,15030.37,0,35602.02,0,0,0,10839.2,0,0,0,0,78992.433,591798.5535,670790.9865,84826,33757,0,4589,0,1413598,0,208704,0,0,0,1645660,0,0,0,25
de,84207449,2024-02-25,713.59,14.02,0,371.58,0,14423.77,0,24742.54,0,0,0,20022.47,0,0,4060.2,0,54296.6827,869284.0758,923580.7585,65281,1155,0,5135,0,1145561,0,184559,0,0,0,2309974,0,0,2391917,27
de,84207449,2024-03-03,687.95,107.81,0,358.21,0,12850.67,0,23755.68,0,0,0,16070.13,0,0,9246.14,0,42610.4574,470651.2192,513261.6766,62295,18355,0,5068,0,429222,0,179712,0,0,0,1967256,0,0,4901139,32
de,84207449,2024-03-10,2516.76,333.49,0,291.99,0,24640.39,0,29975.11,0,0,0,47547.17,0,0,12696.16,0,90654.0987,892018.9451,982673.0438,169415,109011,0,5276,0,447322,0,202771,0,0,0,4966796,0,0,5964258,34
de,84207449,2024-03-17,6139,1731.13,173.02,597.79,0,66538.15,0,41794.46,0,0,0,32707.39,0,0,15770.7,0,196373.5565,703730.1621,900103.7186,781399,195410,17728,5430,0,2677549,0,288470,0,0,0,3255006,0,0,5324575,33
de,84207449,2024-03-24,5108.76,1539.48,46.01,765.7,0,97410.14,0,44059.01,774.96,0,0,31295.32,0,0,6831.2,0,114773.2665,1316387.721,1431160.988,678005,232524,4412,4913,0,5517402,0,241177,892,0,0,3166643,0,0,2318210,36
de,84207449,2024-03-31,3994.47,1313.18,0,1229.77,0,35531.65,0,14938.22,0.51,0,0,8351.41,0,0,1112.17,0,157865.1603,533101.3965,690966.5568,750528,191083,0,5104,0,2524724,0,107200,7,0,0,942450,0,0,623194,30
de,84207449,2024-04-07,2842.87,1277.37,0,1403.95,0,41482.21,0,19915.15,0,0,0,10182.66,0,0,0,0,55921.5771,573484.9689,629406.546,354999,143203,0,30318,0,2709121,0,139566,0,0,0,1592003,0,0,0,32
de,84207449,2024-04-14,3206.28,1706.23,0,2196.81,0,70888.08,0,40952.26,0,0,0,25368.99,0,0,0,0,105638.5026,696463.9897,802102.4923,486845,176096,0,247860,0,3008596,0,270686,0,0,0,2802404,0,0,0,33
de,84207449,2024-04-21,2317.84,1176.7,0,2101.23,0,82539.02,0,68539.18,0,0,0,49269.32,0,0,0,0,66529.2606,930150.4636,996679.7242,289254,135726,0,239536,0,3195888,0,381412,0,0,0,5755579,0,0,0,44
de,84207449,2024-04-28,1833.89,1025.98,0,2112.26,0,45127,0,38749.56,0,0,22923.03,97407.3,0,0,0,0,41604.677,435370.0307,476974.7077,173852,249627,0,218656,0,2730058,0,204254,0,0,2799648,7884087,0,0,0,50
de,84207449,2024-05-05,4565.29,1693.34,0,1901.4,0,82498.96,0,45942.91,0,0,41279.94,168781.69,0,0,0,0,134759.7011,652358.8241,787118.5252,535852,206229,0,223638,0,4499266,0,240318,0,0,3492175,11644451,0,0,0,44
de,84207449,2024-05-12,4797.75,1717.04,0,2332,0,84881.09,0,54271.19,0,0,96451.35,174142.75,0,0,0,0,114973.0239,886468.6937,1001441.718,579429,214650,0,304340,0,4485568,0,308376,0,0,55133364,14859159,0,0,0,46
de,84207449,2024-05-19,2457.09,814.72,0,3133.2,0,121522.65,0,34263.51,3758.94,429.16,0,56312.07,0,0,0,0,28720.5404,6245154.664,6273875.205,274770,251424,0,387645,0,2846034,0,217138,3983,75638,0,5945388,0,0,0,71
de,84207449,2024-05-26,3696.42,1385.11,0,4458.87,0,159285.01,0,32137.67,6688.06,63.81,0,82361.18,0,0,0,0,149941.3476,2879140.266,3029081.614,542836,252444,0,569729,0,3760020,0,240219,15753,31321,0,9118679,0,0,0,69
de,84207449,2024-06-02,3332.76,1360.37,0,4491.42,0,243447.09,0,42170.58,8317.79,120.78,0,73293.7,0,0,0,0,69650.3213,3199423.804,3269074.125,349023,245780,0,812364,0,7008931,0,253604,18416,119018,0,8041387,0,0,0,54
de,84207449,2024-06-09,3435.93,1179.07,0,4792.16,2043.79,218168.7,0,40576.85,8852.8,0,9157.9,70054.05,0,0,0,0,58395.1314,2065809.624,2124204.755,364088,249821,0,596870,107947,6745415,0,238519,27557,0,430179,8310428,0,0,0,51
de,84207449,2024-06-16,3278.79,1087.38,0,4169.88,4772.67,195949.48,0,29074.41,10802.34,0,22743.99,63194.59,0,0,0,0,37807.8888,2577297.116,2615105.004,464616,245566,0,507840,262979,5102717,0,190359,42567,0,8027068,7722564,0,0,0,65
de,84207449,2024-06-23,3188.15,1147.36,0,4098.38,680.78,159045.98,0,31069.49,9936.58,0,19775.98,56581.83,0,0,0,0,55209.6459,1024498.227,1079707.873,437704,240790,0,499258,38629,5116005,0,171764,42025,0,9492074,6432526,0,0,0,64
de,84207449,2024-06-30,3497.81,1335.63,0,4951.81,0,97715.78,0,47858.82,14422.85,0,22673.6,66580.23,0,0,21289.81,0,82584.8583,1008417.436,1091002.294,415381,185888,0,663240,0,1679445,0,219001,51451,0,10731868,9045556,0,0,4627981,57
de,84207449,2024-07-07,4710.71,1322.63,0,5348.58,1757.43,156281.44,0,54097.58,41224.18,0,24671.3,147627.29,0,0,36761.45,0,104055.3509,2780466.963,2884522.314,607173,207206,0,673313,105776,4014364,0,287492,85777,0,10791157,19096499,0,0,5274893,75
de,84207449,2024-07-14,14768.07,3711.86,0,7100,17188.54,245005.21,0,60101.22,39550.7,2745.11,11433.31,82103.72,0,0,49223.57,1,445186.4032,4417811.422,4862997.825,1920390,456144,0,1054303,969092,7233325,0,256841,57186,1312916,3506223,9122197,0,0,10686489,85
de,84207449,2024-07-21,2663.56,930.41,0,4833.22,0,63268.02,0,31909.3,0,0,26597.36,62975.21,0,0,0.04,0,70174.8419,720624.8271,790799.669,529953,251743,0,483055,0,2664032,0,207111,0,0,6035523,7613479,0,0,2,80
de,84207449,2024-07-28,2816.92,1045.33,0,4653.84,0,139403.06,0,31943.04,0,0,22187.14,94048.72,0,0,0,0,134139.4853,1275315.489,1409454.974,696229,275196,0,393773,0,5107314,0,208136,0,0,4954751,13060842,0,0,0,80
de,84207449,2024-08-04,2946.8,1327.51,0,4537.54,0,70166.61,0,37567.91,0,0,17407.38,127505.39,0,0,0,0,53653.6277,725524.6041,779178.2318,537686,431484,0,384142,0,2863933,0,182464,0,0,7802915,10601158,0,0,0,77
de,84207449,2024-08-11,3949.83,1316.67,0,4540.94,9243.65,157918.02,0,51890.59,714.73,0,24440.75,103103.69,0,0,0,0,78070.926,1296933.027,1375003.953,979699,509773,0,925541,960048,5922394,0,237236,1748,0,15108746,13547412,0,0,0,83
de,84207449,2024-08-18,4982.82,1219.83,0,3021.29,41448.94,136661.11,0,55963.43,0,0,17832.51,83830.72,0,0,0,0,81447.9714,1499690.958,1581138.93,1278878,464630,0,286233,13884060,4747816,0,250480,0,0,9185317,9251874,0,0,0,73
de,84207449,2024-08-25,3493.19,1325.48,0,2396.8,12155.06,52100.3,0,24456.96,0,0,7402.38,75609.12,0,0,0,0,24111.1436,692338.6738,716449.8174,842470,490608,0,208663,973368,1741018,0,121782,0,0,1738326,12687127,0,0,0,80
de,84207449,2024-09-01,3161.75,1145.09,0,2694.38,8328.29,54492.51,0,23926.43,0,0,13654.41,70894.53,0,0,0,0,59372.9116,597876.6024,657249.514,687592,520412,0,330871,734701,1731712,0,138270,0,0,2319640,7333932,0,0,0,80
de,84207449,2024-09-08,2889.66,1269.29,0,2037.85,829.03,48923.59,0,31293.47,0,0,15357.55,80741.06,0,0,0,0,40347.6173,562016.322,602363.9393,891771,673609,0,272704,65659,1514772,0,170107,0,0,2149444,8335165,0,0,0,69
de,84207449,2024-09-15,4216.92,1516.59,0,1921.02,3345.43,70349.73,0,38173.29,0,0,15327.59,100659.64,0,0,0,0,96597.2445,966788.8242,1063386.069,920564,540760,0,206407,367018,2269719,0,217350,0,0,2379543,10484302,0,0,0,76
de,84207449,2024-09-22,8769.86,1734.44,0,2157.8,20728.51,43712.39,0,26225.59,0,0,8713.09,57709.58,0,0,1800.13,0,99473.0579,514768.9838,614242.0417,1728449,505100,0,276910,5242326,1696244,0,141055,0,0,1567890,5479170,0,0,514464,68
de,84207449,2024-09-29,13941.19,1844.72,0,1960.44,18414.54,84575.04,0,62946.6,0,0,25002.3,145605.76,0,0,25188.54,0,80256.8352,896642.1974,976899.0326,2156772,629229,0,145280,3427590,2919202,0,249869,0,0,3596266,14194272,0,0,4324550,68
de,84207449,2024-10-06,25797.34,3041.04,0,3053.97,1037.08,113710.59,0,59508.51,0,0,18998.33,118994.29,0,0,26694.22,1,289185.6035,1663643.252,1952828.856,4307144,1203913,0,342250,58645,3497262,0,207828,0,0,3677567,11955708,0,0,4234526,75
de,84207449,2024-10-13,4111.88,721.74,0,2319.84,34459.44,81556.56,0,44192.05,0,0,16279.16,80826.13,0,0,0,0,53007.5783,1059401.151,1112408.729,551254,451540,0,320220,7305838,2705155,0,183359,0,0,3503817,6937568,0,0,0,67
de,84207449,2024-10-20,6799.76,1007.6,0,1504.4,31278.58,35204.14,0,25040.62,0,0,10901.23,62600.18,0,0,0,0,116990.5049,285169.5546,402160.0595,1083254,548482,0,234310,6697630,1053981,0,139364,0,0,3940407,4360587,0,0,0,69
de,84207449,2024-10-27,5904.84,941.26,0,1190.78,12434.78,45998.29,0,28263.9,0,0,11771.72,69993.62,0,0,0,0,59047.9207,419134.5065,478182.4272,1004721,585468,0,179365,773373,1687810,0,151104,0,0,2605653,5870011,0,0,0,66
de,84207449,2024-11-03,5368.03,1014.5,0,1863.52,9653.84,63382.5,0,42325.62,0,0,24777.38,87085.61,0,0,0,0,60896.2833,722816.7013,783712.9846,1006343,693764,0,266620,586680,1534776,0,200731,0,0,8095797,7189836,0,0,0,71
de,84207449,2024-11-10,4949.19,1144.8,0,5552.99,6644.12,105984.79,0,57880,0,0,29621.02,112837.42,0,0,7468.75,0,43231.4488,997398.4482,1040629.897,1215510,722287,0,501198,437002,2429840,0,234736,0,0,15617871,8928047,0,0,2533401,66
de,84207449,2024-11-17,15381.92,3092.3,0,7518.19,8750.89,187112.03,0,81851.22,0,0,50285.37,145221.29,0,0,21414.11,1,276852.4237,1410822.846,1687675.27,4612228,1244123,0,528703,597989,4224640,0,319980,0,0,14491536,10460262,0,0,3342209,76
de,84207449,2024-11-24,21522.3,3108.17,0,9042,0,265459.99,0,122049.54,0,0,67481.6,216462.01,0,0,58209.92,1,336718.3627,2940462.312,3277180.674,5124622,1242996,0,595037,0,4748449,0,305619,0,0,19480108,15549285,0,0,5976394,91
de,84207449,2024-12-01,6885.93,1184.38,0,4178.56,0,98156.11,0,47669.16,0,0,33119.16,86128.29,0,0,25484.62,1,176503.1668,1301738.215,1478241.382,1607433,735365,0,392629,0,2161490,0,161094,0,0,12109089,6637284,0,0,3653215,68
de,84207449,2024-12-08,5377.72,1660.78,0,1480.68,0,28929.46,0,13577.19,0,0,8941.64,24021.16,0,0,0,0,150778.9272,149603.387,300382.3142,678124,635647,0,218623,0,814535,0,87794,0,0,1363167,1924237,0,0,0,51
de,84207449,2024-12-15,5904.99,909.86,0,1246.12,0,36630.72,0,18761.13,0,0,8031.88,40366.99,0,0,0,0,136744.2832,406535.7649,543280.0481,804335,516623,0,230355,0,1112390,0,118366,0,0,1061543,3601149,0,0,0,58
de,84207449,2024-12-22,3699.59,934.55,0,2159.08,0,25253.67,0,14519.68,0,0,6407.33,29687.32,0,0,0,0,47028.6738,512492.8167,559521.4905,569542,548428,0,125023,0,988223,0,104496,0,0,886036,3080018,0,0,0,64
de,84207449,2024-12-29,3369.43,844.36,0,1717.7,0,5889.18,0,2557.21,0,0,1545.87,19585.97,0,0,0,0,49037.525,898177.6958,947215.2208,526098,628424,0,42282,0,223661,0,24674,0,0,408543,2362426,0,0,0,62
de,84207449,2025-01-05,2771.72,577.43,0,727,0,0,0,0,0,0,0,11962.99,0,0,0,0,48914.8281,245782.2658,294697.0939,463300,495655,0,6509,0,0,0,0,0,0,0,1318487,0,0,0,53
de,84207449,2025-01-12,3046.53,540,0,749.89,0,0,0,0,0,0,0,13022.3,0,0,0,0,82995.0429,310014.3132,393009.3561,437523,449363,0,6144,0,0,0,0,0,0,0,1750203,0,0,0,60
de,84207449,2025-01-19,2174.83,440.26,0,1117.47,18188.16,0,0,0,0,0,0,23759.22,0,0,0,0,88191.4893,766802.3467,854993.836,445874,428454,0,8596,2072898,0,0,0,0,0,0,3934105,0,0,0,63
de,84207449,2025-01-26,2066.93,465.67,0,741.04,25010.69,0,0,0,0,0,0,18504.96,0,0,0,0,37282.6822,356859.576,394142.2582,394365,452645,0,6836,2741854,0,0,0,0,0,0,2458601,0,0,0,68
de,84207449,2025-02-02,2072.29,571.84,0,387.12,31760.63,0,0,0,0,0,0,32784.49,0,0,0,0,69333.2795,533546.7453,602880.0248,432468,476304,0,4187,3342050,0,0,0,0,0,0,3129381,0,0,0,75
de,84207449,2025-02-09,3855.61,575.36,0,592.59,16251.96,0,0,0,0,0,0,40394.65,0,0,0,0,85571.202,594118.8306,679690.0326,534016,324695,0,6058,1641182,0,0,0,0,0,0,3823448,0,0,0,79
de,84207449,2025-02-16,3584.28,457.46,0,715.91,0,0,0,0,0,0,0,35097.02,0,0,0,0,52613.7588,795156.6504,847770.4092,608019,301181,0,5699,0,0,0,0,0,0,0,3438959,0,0,0,100
de,84207449,2025-02-23,3059.99,239.87,0,359.17,0,0,0,0,0,0,0,17110.52,0,0,0,0,79238.1162,264888.357,344126.4732,519826,133380,0,3596,0,0,0,0,0,0,0,1871630,0,0,0,80
us,346755490,2023-06-11,38324.47,20651.58,4005.13,476,9485.28,14339.55,0,13107.46,0,0,0,48323.72,5524.73,0,6654.18,0,435313.28,163651.22,598964.5,4101018,959686,251739,5031,2126688,786007,0,44738,0,0,0,4280742,3695337,0,675923,9
us,346755490,2023-06-18,39108.18,22964.95,4069.41,563.11,6735.35,13420.67,0,11002.96,0,0,0,19791.26,4336.11,0,7613.68,0,541292.45,245837.66,787130.11,4218310,992221,230971,4758,2358445,576620,0,39555,0,0,0,3016973,3377165,0,746148,5
us,346755490,2023-06-25,39974.63,22562.96,4076.13,492.33,0,21964.86,0,13472.02,0,0,0,58831.37,3211.04,0,13139.42,0,586242.75,712391.35,1298634.1,3559637,912689,208414,3923,0,841106,3,49386,0,0,0,4661952,2898416,0,1254395,7
us,346755490,2023-07-02,40868.68,23781.71,3926.62,469.41,0,19874.2,0,20329.41,0,0,0,52920.12,0,0,42712.29,0,530819.4,622086.31,1152905.71,4459318,875757,228451,5364,0,756625,16,53489,0,0,0,4036918,0,0,4020832,4
us,346755490,2023-07-09,102861.79,71903.46,7808.2,773.33,0,26351.42,0,22627.77,0,0,0,45919.92,0,0,69285.96,1,3781820.356,889825.32,4671645.676,5946864,2028629,396044,8557,0,782557,0,54343,0,0,0,2650707,0,0,7088895,6
us,346755490,2023-07-16,8756.44,5393.79,894.56,601.43,0,19177.2,245.93,16888.98,0,0,0,11659.84,0,0,6744.02,0,166625.41,130883.83,297509.24,824895,202482,43034,14020,0,592698,9346,50957,0,0,0,1306885,0,0,587256,3
us,346755490,2023-07-23,8790.68,6581.59,1000.58,544.33,0,13103.05,658.74,8874.77,0,0,0,15388.19,0,0,4387.29,0,228009.14,153417.64,381426.78,869047,296383,64823,8965,0,481196,21448,16651,0,0,0,2131722,0,0,471594,0
us,346755490,2023-07-30,13623.78,9629.64,1006.98,331.22,0,14938.77,0,9269.41,0,0,0,13678.78,0,0,6645.5,0,272374.68,184432.75,456807.43,1358748,419433,49342,3441,0,892274,0,11563,0,0,0,2087513,0,0,708338,2
us,346755490,2023-08-06,20649.58,10367.26,942.87,348.48,0,11245.38,0,10689.58,0,0,0,11207.78,0,0,7246.48,0,294799.49,186395.76,481195.25,2157692,352140,54657,3481,0,710775,0,11244,0,0,0,1991317,0,0,612360,3
us,346755490,2023-08-13,32075.19,15400.93,911.49,554.8,0,18027.86,0,8586.45,0,0,0,25951.67,0,0,9523.62,0,414760.61,300549.3,715309.91,3227724,752396,57739,4482,0,1157159,0,11053,0,0,0,2404639,0,0,1035817,0
us,346755490,2023-08-20,31355.75,14420.64,940.25,722.06,0,25181.14,0,9025.43,0,0,0,33512.07,0,0,10301.56,0,503070.2,323099.54,826169.74,2910482,686263,54596,5317,0,1730583,0,10144,0,0,0,2325187,0,0,1026409,5
us,346755490,2023-08-27,38785.69,15010.32,1845.18,996.2,0,27505.81,0,9678.71,0,0,0,74455.25,3844.47,0,13877,0,571061.12,327679.5,898740.62,3730587,720268,110383,6633,0,1911832,0,13347,0,0,0,5309362,2082561,0,1304049,10
us,346755490,2023-09-03,34179.61,14654.09,1974.94,900.06,0,16179.96,0,9408.91,0,0,0,107262.01,6122.61,0,5910.82,0,488893.5999,290875.55,779769.1499,3248201,666321,107102,6539,0,1080427,0,16127,0,0,0,7155683,2230183,0,646277,13
us,346755490,2023-09-10,49742.68,14465.16,2387.88,765.81,0,6157.43,0,5704.93,0,0,0,94309.55,3213.92,0,7331.62,0,361640.45,187109.39,548749.84,3501566,811941,151955,10030,0,509295,0,14863,0,0,0,5719450,1144498,0,837858,18
us,346755490,2023-09-17,35426.74,16371.36,1749.07,765.17,0,5993.83,0,7092.54,0,0,0,127479.48,2418.01,0,6978.71,0,312181.92,141821.28,454003.2,2725420,856546,99748,6890,0,531779,0,20627,0,0,0,8256739,799823,0,863114,23
us,346755490,2023-09-24,81022.63,18767.86,2941.01,779.23,0,24680.07,0,26183.11,0,0,0,116494.99,4012.16,0,33886.77,0,712896.25,818965.07,1531861.32,5792606,915435,153385,7349,0,1479636,0,85473,0,0,0,9107994,1232187,0,4291333,21
us,346755490,2023-10-01,86771.7,19162.63,2580.95,840.46,0,23045.91,0,34044.54,0,0,0,143780.79,4832.6,0,47091.83,0,442855.71,347254.56,790110.27,6868930,779727,127065,7580,0,1459917,0,108899,0,0,0,11674555,1664426,0,6429388,19
us,346755490,2023-10-08,141669.58,61183.36,6863.43,1412.41,925.14,26338.02,0,30283.32,0,0,0,133413.9,3296.88,0,83635.75,1,2562732.46,799814.56,3362547.02,8436396,1848460,292562,12141,62772,2144363,0,103396,0,0,0,8215994,1475142,0,13251728,38
us,346755490,2023-10-15,46988.55,13589.81,2536.51,1024.81,5148.51,15641.51,0,24523.94,0,0,0,111628.86,4090.26,0,20251.3,0,283768.29,198143,481911.29,4123353,500758,130881,11362,264965,2198796,0,93288,0,0,0,9224242,1487356,0,3736039,18
us,346755490,2023-10-22,39608.27,14304.19,2100.24,484.39,4770.46,14628.47,0,21777.48,0,0,0,169829.34,4036.07,1561.66,25615.93,0,423456.91,232493.81,655950.72,3432515,471596,136167,9025,300016,1893837,0,87637,0,0,0,15725299,1447130,182489,4454007,30
us,346755490,2023-10-29,40433.84,15585.26,2783.92,36.67,1521.8,22078.1,0,16037.59,0,9.36,0,135395.91,4073,15633.86,15486.42,0,477743.1,490489.54,968232.64,3692776,513420,208620,1141,112851,1477980,0,72312,0,2526,0,11237237,1236515,2657789,2401433,24
us,346755490,2023-11-05,51896.4,15966.65,3085.04,0,0,27158.75,0,14973.92,0,1307.9,0,104999.06,6015.89,15844.15,6181.6,0,419388.29,337767.07,757155.36,5013846,611406,175542,0,0,1435644,0,85351,0,317056,0,7324720,1467812,1888431,1238630,16
us,346755490,2023-11-12,62872.06,21810.57,4598.11,0,0,21098.37,0,24143.69,0,1296.48,0,135967.44,1253.05,12252.79,45175.87,1,669172.08,587543.14,1256715.22,4718294,772307,243752,0,0,1150081,0,128441,0,112460,0,6578528,1074880,1327078,7180048,19
us,346755490,2023-11-19,87248.93,37481.06,11230.05,947.63,0,59236.26,0,39371.71,0,533.54,0,198056.12,0,25481.58,77032.08,1,2122978.33,1122682.33,3245660.66,9152732,1261955,632047,80779,0,2723362,0,204858,0,40625,0,7737668,0,6821945,12137385,25
us,346755490,2023-11-26,66212.96,24343.62,3716.02,1751.99,0,37312.88,0,19793.96,0,232.65,0,104101.4,0,4148.73,22978.1,1,1029215.76,841756.69,1870972.45,5324101,935569,199472,12740,0,2075435,0,133133,0,19675,0,4251742,0,726081,4067020,15
us,346755490,2023-12-03,40637.54,12294.48,2933,1428.71,0,7212.88,0,4962.07,0,0,0,0,0,0,7613.09,0,461154.23,317654.75,778808.98,3320284,599377,160752,8717,0,545437,0,8730,0,0,0,0,0,0,1078812,8
us,346755490,2023-12-10,42309.05,12364.24,2739.8,1062.37,0,14096.71,0,7031.47,0,0,0,36257.01,0,2000,13610.87,0,594662.07,333444.58,928106.65,3796141,591805,183470,7825,0,937291,0,11903,0,0,0,2347280,0,796124,1662176,10
us,346755490,2023-12-17,39589.81,12020.61,2915.05,681.77,0,12292.64,0,6224.95,0,0,0,57993.3,0,0,14078.08,0,560294.04,358441.49,918735.53,3540452,494423,208391,11085,0,832523,0,17977,0,0,0,5241931,0,0,1871743,9
us,346755490,2023-12-24,32926.09,11087.51,1838.87,630.25,0,10131.88,0,6097.47,0,0,0,14698.87,0,0,2788.35,0,355503.4,406555.5,762058.9,3667455,537217,127148,15344,0,710905,0,17951,0,0,0,1718171,0,0,440756,11
us,346755490,2023-12-31,30417.65,10811.1,1528.21,651.4,0,10118.15,0,10021.32,0,0,0,66760.18,0,0,0,0,348860.62,419683.6,768544.22,3684041,545722,111940,25471,0,873187,0,102543,0,0,0,11735521,0,0,0,10
us,346755490,2024-01-07,39081.53,12183.23,1540.79,992.64,0,21984.93,0,11916.6,0,0,0,55667.08,5382.06,0,0,0,668708.8,834085.75,1502794.55,4125600,595414,124254,22390,0,1270410,0,61328,0,0,0,6807752,5857249,0,0,23
us,346755490,2024-01-14,31095.33,11726.24,1489.69,1104.46,0,28092.65,0,9474.17,0,0,0,54767.94,4912.35,0,24944.5,0,710061.1633,715944.9,1426006.063,3649715,514712,107185,29804,0,1765041,0,42023,0,0,0,7724615,2782163,0,4925757,17
us,346755490,2024-01-21,24178.53,14028.36,1530.82,973.45,0,21954.11,0,8114.85,0,0,0,46505.15,4279.8,0,28556.27,0,504982.61,325593.8,830576.41,2796071,696322,122090,26547,0,1305896,0,37301,0,0,0,5975044,1530302,0,7429250,19
us,346755490,2024-01-28,20546.17,10725.99,1392.93,1107.59,0,26704.15,0,7287.98,0,0,0,39251.28,1775.82,0,17250.94,0,507094.45,439632.98,946727.43,2538731,606460,108266,22248,0,1710433,0,36698,0,0,0,4386991,1297007,0,6325542,13
us,346755490,2024-02-04,28283.2,10768.63,1491.46,1247.54,0,35344.39,0,10303.52,0,0,0,34578.25,1736.8,0,29357.51,0,726696.415,523578.87,1250275.285,3357508,587651,90706,36613,0,2259282,0,50601,0,0,0,3153619,1951350,0,8003585,13
us,346755490,2024-02-11,25922.89,10561.87,1518.67,1363.85,0,39692.6,0,12373.99,0,0,0,35195.61,1811.47,0,30173.02,0,577927.2966,645179.12,1223106.417,3058060,607026,82035,25557,0,2419933,0,51247,0,0,0,3433387,1680478,0,8463105,15
us,346755490,2024-02-18,23771.23,9747.05,1467.07,1379.99,0,59198.23,0,19964.36,0,0,0,37168.3,270.93,8107.44,13117.11,0,807582.4633,603222.83,1410805.293,2750433,546200,120538,23632,0,3758960,0,67599,0,0,0,3806132,279471,1021747,4655871,21
us,346755490,2024-02-25,16561.98,8974.96,1386.62,1234.71,0,44322.35,0,19761.93,0,0,0,110652.35,0,11466.31,4281.85,0,542452.6975,522622.68,1065075.378,1947393,473855,99013,21956,0,3171054,0,68608,0,0,0,10948085,0,1097812,2124241,19
us,346755490,2024-03-03,16528.1,8565.33,1633.59,870.33,0,26214.24,0,28209.68,0,0,0,117266.04,0,9913.44,9814.74,0,492993.015,492797.8,985790.815,2368710,416783,83828,20482,0,1741792,0,97979,0,0,0,13419634,0,631904,3584138,18
us,346755490,2024-03-10,34911.25,8988.49,2527.42,798.87,0,33194.94,184.73,29715.11,1293.09,0,0,106290.16,0,451.1,47992.55,0,745502.885,634190.71,1379693.595,3398859,467644,97187,26605,0,2033739,9380,94161,1384,0,0,15061081,0,23587,14429476,20
us,346755490,2024-03-17,35372.57,10069.39,1893.96,1395.97,0,56310.24,180.66,16153.99,5838.48,0,0,74427.13,0,0,53070.98,0,738194.095,764009.64,1502203.735,4360564,578592,111449,33488,0,4058086,5918,58684,5734,0,0,8512847,0,0,14647878,23
us,346755490,2024-03-24,46437.63,10233.51,1978.43,1597.33,0,78745.39,61.21,33240.42,6201.34,0,0,63332.62,0,0,57777.58,0,1221460.03,1230190.66,2451650.69,5649077,597690,104614,42231,0,6031786,4225,108147,5601,0,0,6586276,0,0,13620301,40
us,346755490,2024-03-31,28279.51,10127.29,1433.85,849.1,0,15884.77,35.74,13042.01,1271.29,0,0,17515.79,0,0,21671.22,0,632002.92,558650.24,1190653.16,3446761,595696,115850,18504,0,1223371,11418,33781,1411,0,0,1459983,0,0,6789905,25
us,346755490,2024-04-07,34809.98,11737.29,1581.02,632.67,0,24295.65,8.25,8753.83,1423.62,0,0,20182.77,0,0,24657.94,0,742422.23,458296.66,1200718.89,3648834,509039,116385,19674,0,1575461,4283,27449,1461,0,0,1769095,0,0,4158561,16
us,346755490,2024-04-14,27363.22,11866.98,1433.29,955.97,0,25639.6,390.9,17777.77,1240.93,0,0,62761.99,0,550.18,30408.77,0,657006.72,622982.48,1279989.2,3051513,646247,124504,30348,0,1891879,25241,51329,1548,0,0,8241142,0,21734,4723932,21
us,346755490,2024-04-21,42519.56,12312.78,1536.47,1272.78,0,46315.73,77.94,32260.49,3603.83,0,0,127992.8,0,22.37,66742.33,0,833666.39,851472.19,1685138.58,5223802,803739,114907,21647,0,3890136,5558,109210,4208,0,0,15724976,0,629,10507776,63
us,346755490,2024-04-28,25440.66,11749.38,1169.96,728.62,0,14079.24,0,24752.69,56.72,0,0,31797.36,0,841.67,29872.39,0,493622,404102.63,897724.63,2057405,852261,87225,12154,0,1148864,0,76184,114,0,0,3764104,0,22296,4499619,38
us,346755490,2024-05-05,29633.88,12466.24,1276.69,698,347.08,29735.97,0,18801.3,1355.45,0,0,49322.02,0,4514.83,25205.19,0,635099.64,681543.93,1316643.57,2561534,825718,93341,8828,26155,2226865,0,82149,1626,0,0,5471907,0,172582,2573548,25
us,346755490,2024-05-12,39099.72,12834.6,1736.82,635.81,1912.49,29044.05,0,19350.59,53.07,0,1729.31,48206.41,0,17599.06,34852.27,0,747192.43,824403.91,1571596.34,4020598,862610,106956,13416,95178,2279707,0,86106,78,0,408026,5345476,0,790004,2992988,30
us,346755490,2024-05-19,36996.16,12745.91,1235.47,1083.54,568.41,39466.18,0,22710.04,0,0,605.26,73403.62,0,12218.61,49112.12,0,808794.11,932621.12,1741415.23,3676745,792369,74195,15295,26554,3505336,0,95722,0,0,162645,6978584,0,385965,4526466,39
us,346755490,2024-05-26,46030.43,12573.74,1245.17,1718.78,0,22937.82,0,21425.66,0,0,3316.33,53634.49,0,12916.68,52786.68,0,1132288.83,1313109.48,2445398.31,3501985,691044,76657,121337,0,2132121,0,86329,0,0,488492,5727209,0,458448,6626685,41
us,346755490,2024-06-02,39677.08,11075.56,885.91,2127.95,0,22217.89,0,25176.09,0,0,3078.17,56450.85,0,46.08,36337.9,0,884057.69,678538.48,1562596.17,2700346,567770,63050,96368,0,1826579,0,91304,0,0,731255,5830256,0,1402,5847104,36
us,346755490,2024-06-09,51506.63,11958.48,999.53,1857.67,0,32981.63,0,28704.79,2590.33,0,0,99428.48,0,0,44763.65,0,1111234.68,1127799.38,2239034.06,4054837,579815,61658,59944,0,2251411,0,110300,2934,0,0,10999772,0,0,6314354,44
us,346755490,2024-06-16,58461.76,11393.17,983.06,1978.48,0,18607.04,0,23668.79,1468.52,1188.11,3282.3,55066.62,0,0,31344.61,0,883688.31,1039078.82,1922767.13,4909663,702397,82207,60502,0,1617094,0,95456,1373,269325,786886,6336611,0,0,4950180,43
us,346755490,2024-06-23,62559.25,12396.07,867.26,2144.59,0,16045.11,0,19994.74,0,0,2268.55,31989.52,0,0,25948.89,0,932673.86,602132.66,1534806.52,4659883,724993,56003,78357,0,1532360,0,97604,0,0,443447,2949890,0,0,3807789,35
us,346755490,2024-06-30,61062.2,11790.35,918.9,3751.96,0,20408.83,0,10759.3,0,0,0,82069.35,0,0,71141.96,0,759935.26,818700.66,1578635.92,3742261,724161,57427,398345,0,1601045,0,23130,0,0,0,5632311,0,0,9998214,36
us,346755490,2024-07-07,68644.65,12852.56,1075.16,2842.84,0,77315.23,933.56,30640.89,11525.07,0,9646.09,154701.39,0,0,112871.29,0,1137605.84,2184456.14,3322061.98,4438031,1064648,62802,437975,0,6350854,72941,88052,11097,0,1800243,13484008,0,0,12216366,64
us,346755490,2024-07-14,327085.6,41870.63,2273.04,5794.07,0,197924.52,800.33,62306.92,15958.22,4281.95,14675.46,219415.54,0,0,96111.78,1,9346992.18,4248899.83,13595892.01,23022454,3437664,102201,999887,0,13274808,94759,136491,12519,742315,2788246,15796771,0,0,6746173,88
us,346755490,2024-07-21,45027.85,10251.08,626.32,3180.06,0,36740.75,625.4,13031.77,0,15.58,0,18254.94,0,0,832,0,532804.75,442807.38,975612.13,3413192,521330,54395,468668,0,2893157,73752,41157,0,1257,0,1193412,0,0,715799,36
us,346755490,2024-07-28,43718.27,10109.31,1007.56,3930.96,0,41675.04,0,15078.13,0,13.95,7380.61,28969.32,0,0,17120.1,0,818709.29,991461.61,1810170.9,2141900,560633,140830,753522,0,3617782,0,59953,0,3674,1809359,2623335,0,0,3555810,30
us,346755490,2024-08-04,44843.71,13351.67,1741.31,3542,0,39665.07,0,17684.34,0,0,6975.6,74447.67,0,0,59555.73,0,1058470.86,605371.99,1663842.85,4655788,1656240,410889,878850,0,3234874,0,58065,0,0,1858511,5354328,0,0,7251600,34
us,346755490,2024-08-11,45723.94,11005.33,1420.66,4909.71,0,94258.45,8.61,25311.22,1231.95,0,148.87,129236.29,0,1645.69,53640.72,0,1058736.46,1229224.82,2287961.28,4909766,1285335,244959,1592947,0,8483679,373,79092,1111,0,14485,9123593,0,587110,7713207,43
us,346755490,2024-08-18,55888.59,11232.69,1091.01,6764.56,7063.34,85194.59,0,20429.41,0,0,1515.85,126648.92,0,21987.04,73067.97,0,970384.56,1402887.68,2373272.24,5208594,1253459,272759,945267,1147320,7823147,0,91057,0,0,53897,9191935,0,2198169,7384141,39
us,346755490,2024-08-25,84145.8,15612.03,2315.99,3965.23,9109.59,29596.35,0,19390.23,0,0,6235.34,129083.67,0,11104.79,81380.92,0,1353125.59,1079287.12,2432412.71,7072474,1527615,417374,746820,861475,2267783,0,94480,0,0,1406205,11943567,0,898685,8552501,40
us,346755490,2024-09-01,99914.35,17199.49,2911.37,5595.63,2692.12,45916.3,0,29418.47,0,0,11252.8,150626.36,0,2713.08,98615.77,0,1707598.77,1435464.79,3143063.56,11939290,1520244,641689,823448,222737,2773607,0,130222,0,0,2520243,14488361,0,116151,11236863,51
us,346755490,2024-09-08,62785.27,12093.69,1618.05,4215.49,0,24263.79,0,22309.68,0,0,6362.85,98976.69,0,735.77,75098.59,0,954257.01,653976.83,1608233.84,6646022,1195290,353781,671779,0,1744062,0,105816,0,0,1459319,10324329,0,25588,7524075,49
us,346755490,2024-09-15,71728.12,10429.5,1074.01,2899.31,7353.23,28837.83,0,17328.83,0,0,5706.97,110612.91,0,721.71,54861.27,0,958572.54,1018003.87,1976576.41,7761408,1149267,241986,531970,647276,1578954,0,93757,0,0,1401067,9355273,0,22832,6298797,38
us,346755490,2024-09-22,77192.69,13518.09,1524.49,3066.62,13340.65,22920.82,0,17931.09,0,0,8608.74,106322.85,0,13269.86,105285.92,0,1373008.61,879805.15,2252813.76,10377684,1902109,305658,551728,1157861,1280405,0,133225,0,0,2061172,8521931,0,840499,10916949,40
us,346755490,2024-09-29,101693.98,17624.42,1860.35,3812.82,30095.83,87869.84,0,46307.35,0,0,18100.93,210740.59,0,20146.09,132712.92,0,2415351.83,2966432.29,5381784.12,15993808,2420957,335491,439685,2850848,4804678,0,218360,0,0,2042858,17905212,0,1977626,11364812,60
us,346755490,2024-10-06,389011.28,57472.46,5437.4,7026.76,47816.13,139301.83,0,67227.01,0,0,15832.39,254440.19,0,9955.37,129078.33,1,9083041.71,5156649.82,14239691.53,48336677,6056018,925021,755212,3501000,6923542,0,248349,0,0,1574657,19974238,0,1006875,12465156,100
us,346755490,2024-10-13,49532.3,16483.2,1504.12,2790.8,1457.76,33087.24,0,8712.7,0,0,3126.95,26707.25,0,1930.58,28400.65,0,1025835.7,832465.81,1858301.51,6367466,2579170,598518,425177,8269,1270674,0,50915,0,0,667288,1967661,0,188789,2491472,54
us,346755490,2024-10-20,47074.78,16303.07,1209.41,4070.7,209.63,33388.59,0,9638.59,0,0,4164.03,46933.65,0,1399.27,25253.26,0,1253866.42,665556.97,1919423.39,5545326,2411331,331686,493932,3652,1628062,0,57269,0,0,922207,3951644,0,68014,2018219,39
us,346755490,2024-10-27,60934.4,18974.2,1476.36,1922.89,16.64,40992.24,0,13806.97,0,0,1643.22,56750.88,0,1280.77,44313.7,0,1699759.21,1246898.74,2946657.95,7796074,1996692,446455,265479,406,2645181,0,52716,0,0,516966,3926246,0,56305,2881971,35
us,346755490,2024-11-03,59031.04,18384.51,1422.58,3200.16,10943.74,66262.03,0,14870.01,0,0,7249.24,79900.6,0,2102.56,64839.84,0,1382697.89,1056376.55,2439074.44,6904911,1941100,340967,564433,986911,2559282,0,78843,0,0,2316891,5146278,0,95630,3054087,35
us,346755490,2024-11-10,73407.22,20524.67,1794.83,5374.7,23754.51,108183.81,0,42456.42,0,0,16405.63,156532.78,0,886.98,66172.65,0,1277706.01,1719631.34,2997337.35,10830726,2451605,357344,1014539,1960137,4106668,0,213276,0,0,11036273,11442355,0,38271,4264322,38
us,346755490,2024-11-17,225533.88,57320.92,3095.2,10820.03,35583.22,136465.63,0,56065.12,0,0,12731.12,222943.18,0,873.65,82757.49,1,3473181.84,3077051.92,6550233.76,17018471,4107449,417922,2153713,2712479,5407606,0,286115,0,0,5899476,13225779,0,34473,11293922,55
us,346755490,2024-11-24,416137.15,86730.89,2614.77,15552,30859.96,163808.07,0,87861.22,0,0,6460.88,321927.95,0,0,210165.83,1,5599577.85,4347194.43,9946772.28,34246701,6617271,443241,2779711,2289669,5716105,0,308015,0,0,1135733,15450894,0,0,19775479,73
us,346755490,2024-12-01,121789.16,36981.74,1294.5,6567.97,4172.48,78350.83,0,31961.98,0,0,3095.56,137202.9,0,0,77932.91,1,2626031.7,3052414.45,5678446.15,11406312,3014298,402944,767406,330201,3019496,0,135517,0,0,452282,7509430,0,0,9689290,46
us,346755490,2024-12-08,70677.46,25549.24,1999.8,2638.34,4238.19,24931.25,0,6887.54,0,0,730.75,68983.68,0,0,42476.84,0,1807271.03,621400.83,2428671.86,4929028,2164416,597281,380852,366800,1125519,0,23096,0,0,60056,4852453,0,0,2130088,37
us,346755490,2024-12-15,70202.18,21084.93,1125.46,3468.69,15968.71,31617.66,0,23087.17,0,0,2507.46,197289.53,0,0,40212.39,0,1131182.29,930465.27,2061647.56,5139783,2054496,563101,670967,1357354,1473127,0,170322,0,0,374946,16273136,0,0,2161338,42
us,346755490,2024-12-22,65678.33,22039.57,670.98,3418.87,141868.24,14345.86,0,5263.56,0,0,842.69,64053.86,0,0,57374.73,0,640508.77,730632.87,1371141.64,5745690,1978633,214650,735574,13086924,650373,0,27366,0,0,106990,5693162,0,0,5313538,41
us,346755490,2024-12-29,64451.44,19549.88,724.69,1414.08,75083.34,0,0,0,0,0,0,17161.82,0,0,15817.83,0,1078889.22,1377995.24,2456884.46,5859705,2130678,234695,785542,7994648,0,0,0,0,0,0,2690683,0,0,1589678,40
us,346755490,2025-01-05,90495.03,28476.16,1621.48,0,0,0,0,0,0,0,0,0,0,0,14653.33,0,2359362.92,1212417.69,3571780.61,7606048,2671387,437055,80239,0,0,0,0,0,0,0,2232154,0,0,1742341,56
us,346755490,2025-01-12,106513.26,25790.25,2287.7,0,0,0,0,0,0,0,0,0,0,0,20622.02,0,1697321.27,901604.36,2598925.63,9413616,2534092,738449,112551,0,0,0,0,0,0,0,6844677,0,0,1668042,52
us,346755490,2025-01-19,92176.39,23332.87,1421.18,0,0,0,0,0,0,0,0,0,0,0,17290.89,0,1362192.62,1489679.62,2851872.24,7723227,2431644,368765,561259,0,0,0,0,0,0,0,10845953,0,0,1375637,57
us,346755490,2025-01-26,72489.6,19478.17,771.1,0,0,0,0,0,0,0,0,0,0,0,13109.41,0,1008495.66,838207.47,1846703.13,6304811,2150349,218504,298030,0,0,0,0,0,0,0,5038889,0,0,1278081,35
us,346755490,2025-02-02,105955.8,22693.34,1580.45,0,0,0,0,0,0,0,0,0,0,0,20652.78,0,2058383.71,781678.02,2840061.73,8773135,2497773,319956,180013,0,0,0,0,0,0,0,8937731,0,0,2910767,41
us,346755490,2025-02-09,83235.33,20407.59,852.95,0,0,0,0,0,0,0,0,0,0,0,25813.2,0,1325097.36,908431.97,2233529.33,6226415,2172808,171996,234550,0,0,0,0,0,0,0,10184670,0,0,2032437,44
us,346755490,2025-02-16,65835.18,18318.05,832.99,0,0,0,0,0,0,0,0,0,0,0,19879.28,0,1112092.42,1008519.21,2120611.63,4805167,1823656,182786,435131,0,0,0,0,0,0,0,10275526,0,0,1607179,49
us,346755490,2025-02-23,29961.12,7598.54,513.35,0,0,0,0,0,0,0,0,0,0,0,1874.81,0,735884.5,381781.7,1117666.2,2396336,789964,106371,139996,0,0,0,0,0,0,0,7767126,0,0,217286,58
