week,spa,sb,sd,google_youtube,bing,google_without_youtube,others,fb-ig,twitter,tiktok,dsp,fincast,promotion,amazon search volume,google search index,amazon search index,sales_revenue,amz_search_without_keywords,amz_rev,dtc_rev,total_rev
2022/2/6,90912.99,26913.97,2463.53,5065.29,1772.86,28421.39,0,8291.6,1511.97,580.65,55971.87,0,0,1069453,37,12.88558126,11902198.43,560423,6112115.4,162489.31,6274604.71
2022/2/13,89819.67,25612.39,2018.55,11850.41,2261.65,29433.71,0,9142.68,1266.96,532.08,61144.4,0,0,1008080,41,11.81330139,11764134.06,743820,6180729.07,173070.79,6353799.86
2022/2/20,97332.61,26111.38,2298.98,10342.03,1959.08,29480.79,0,16700.94,1714.69,1997.05,62861.27,0,0,781254,40,7.850305376,12195283.87,583870,6285100.499,200608.2,6485708.699
2022/2/27,97122.58,26391.22,3005.02,7119.19,1773.18,22209.05,0,14592.06,1444.21,2261,45351.85,0,0,1474048,37,19.9544727,12924388.14,554503,7043818.429,148573.67,7192392.099
2022/3/6,93209.01,25492.19,3736.52,5601.46,1268.05,32725.51,0,17107.45,2116.96,67.77,66077.28,0,0,854972,39,9.138271217,12054443.93,571976,6284391.69,160847.55,6445239.24
2022/3/13,79048.15,25615.88,4519.4,0,1153.38,32837.4,0,24471.71,2526.44,0,61302.3,0,0,866414,38,9.3381804,11816000.81,544147,5946726.77,190796.64,6137523.41
2022/3/20,74395.64,21182.17,5339.95,0,1292.87,34190.74,0,37780.76,3303.27,0,72581.68,0,0,827699,39,8.66177033,12755919.18,573098,6067280.49,231328.25,6298608.74
2022/3/27,63227.59,19769.57,4906.89,0,1092.45,26944.11,0,40715.16,4644.32,0,61648.11,0,0,864259,34,9.300529265,12240019.07,573623,6179504.24,204707.76,6384212
2022/4/3,69150.19,21964.69,4939.15,0,1015.38,15735.12,0,33500.73,3848.11,0,24185.83,0,0,1347453,39,17.74266506,11659263.63,575927,6024088.85,166113.57,6190202.42
2022/4/10,74844.77,20625.38,5175.48,0,1019.67,19487.24,0,35358.4,5739.07,0,55724.74,0,0,909647,40,10.09352682,11286793.3,614435,6159466.28,192121.8,6351588.08
2022/4/17,69571.39,22886,6621.74,0,880.49,23265.76,0,29361.03,6455.18,0,67037.28,0,0,933508,37,10.51041486,11489012.45,597570,6075166.06,210139.25,6285305.31
2022/4/24,72570.82,21224.99,6791.91,0,881.21,20575.73,0,26579.46,8746.32,0,71685.64,0,0,1397443,39,18.61606657,11463527.06,715750,5938743.51,179926.19,6118669.7
2022/5/1,80593.22,15335.44,4292.49,0,802.07,15695.42,0,30123.9,8609.96,0,61932.78,0,0,1520250,36,20.76169208,11083921.85,575074,6120099.03,179691.83,6299790.86
2022/5/8,91837.29,17157.94,4550.39,0,761.36,24106.05,0,39738.05,14215.56,0,56321.86,0,0,887004,40,9.697919089,11285614.19,604489,5966538.93,262239.44,6228778.37
2022/5/15,77050.28,16858.79,4268.23,689.15,1056.66,28648.93,0,36297.49,13800.52,0,64517.48,0,0,910138,37,10.10210534,11362481.25,610155,5829104,228960.02,6058064.02
2022/5/22,90693.72,17450.66,5518.26,5031.31,1301.7,26005.8,0,40437.73,14075.54,0,63178.09,0,0,922122,40,10.31148409,11766962.13,599659,5905120.48,204669.43,6109789.91
2022/5/29,99618.07,18036.23,6173.87,6109.15,1514.22,28291.92,0,24486.92,14183.37,0,60648.71,0,0,923846,40,10.34160499,11648773.46,583544,6014319.26,213586.33,6227905.59
2022/6/5,98309.92,18075.25,5825.66,5612.1,1884.33,21264.29,0,15549.75,10972.88,0,60744.46,0,0,937399,43,10.57839656,11646186.92,584120,6088676.52,187717.1,6276393.62
2022/6/12,103693.59,19753.71,7307.76,3248.78,2007.59,24488.34,0,13761.84,11001.04,0,84642.5,0,0,950142,40,10.8010362,11856482.17,574731,5982929.56,212322.46,6195252.02
2022/6/19,116214.13,20506.75,7152.16,0,2221.05,26653.84,0,13624.93,22722.44,0,92489.22,0,0,909486,41,10.0907139,11419709.6,588217,6122358.18,174932.96,6297291.14
2022/6/26,104205.08,22157.55,7011.8,0,2167.74,27309.76,0,13623.36,21532.32,0,85506.43,0,0,913436,40,10.15972642,11486631.91,606871,6041519.65,247421.95,6288941.6
2022/7/3,73895.56,18064.9,5594.4,0,2747.02,38472.47,0,12539.69,19090.16,0,50415.29,0,0,953168,38,10.85390503,10700736.56,602046,5722123.26,214438.4,5936561.66
2022/7/10,90779.53,24270.01,8110.61,0,4690.99,34863.78,0,23947.21,18251.24,0,125597.02,0,1,949717,49,10.7936108,25875617.85,1734983,12732304.39,227253.17,12959557.56
2022/7/17,61420.29,17178.67,4905.23,0,3986.26,25207.77,0,22185.22,47964.91,0,63046.6,0,0,4118754,40,66.1615183,10846613.23,615746,5979393.08,217523.59,6196916.67
2022/7/24,80876.23,13512.57,3832.03,791.54,3947.27,16297.35,0,94425.4,81751.39,0,77898.11,0,0,946857,45,10.74364224,12232487.27,888652,6246157.95,465752.11,6711910.06
2022/7/31,97317.99,16861.53,3107.75,0,3617.17,25017.51,0,77679.37,44118.55,0,73656.57,0,0,1310165,41,17.09118686,12118516.62,840620,6551190.91,255114.33,6806305.24
2022/8/7,103213.16,21398.92,3906.59,602.84,4452.19,26061.01,0,32473.83,7690.27,0,48576.37,0,0,1723564,41,24.3138976,12439484.94,868320,6798704.49,267736.78,7066441.27
2022/8/14,109222.59,27472.92,4390.09,0.01,3915.47,28434.2,0,42759.21,12790.56,15800.38,42126.5,0,0,1286884,43,16.6844323,13075590.96,689367,7299372.93,310000.74,7609373.67
2022/8/21,113461.42,27618.68,3767.87,0,4479.67,25713.43,0,63346.58,27171.72,12395.28,59233.62,0,0,1068352,41,12.86634511,13493749.25,704812,7404501.16,339775.71,7744276.87
2022/8/28,115055.05,26673.32,3208.86,0,4426.44,26336.83,0,58437.4,34552.92,6714.73,65576.98,0,0,1100022,39,13.41966829,13351628.82,660968,7518694.61,332826.87,7851521.48
2022/9/4,130635.75,30552.88,4760.15,4173.29,4446.71,32173.43,0,62747.69,24646.71,16796.21,54861.06,0,0,1078559,43,13.04467696,13224927.41,738942,7214168.43,326327.63,7540496.06
2022/9/11,129552.64,31643.43,5828.49,15103.9,3584.65,29413.19,1993.86,88854.43,36168.96,18592.43,75576.14,0,0,1198184,41,15.13470807,14522655.76,788910,8205738.38,315170.79,8520909.17
2022/9/18,131573.03,26140.17,6726.97,7490.25,2931.68,37694.51,0,88901.94,31693.65,29263.14,94549.18,0,0,1830842,43,26.1882078,14895936.14,1148617,7963153.55,341896.19,8305049.74
2022/9/25,121945.02,18708.43,5796.89,3174.27,2670.27,53231.74,0,101730.13,34898.38,18519.19,99789.29,0,0,1591230,43,22.00182088,13620574.42,843809,7420136.62,361175.64,7781312.26
2022/10/2,108967.78,16733.4,5396.96,0,2246.34,46039.26,0,75990.65,31551.11,14773.74,96659.2,0,0,1258973,39,16.19678458,12220014.57,770774,6698383.7,292325.82,6990709.52
2022/10/9,116633.25,25467.34,7245.96,0,2207.18,41996.11,0,73106.53,29839.27,19084.45,224175.75,0,1,1188009,44,14.95693531,19583229.16,1377621,12260223.45,386589,12646812.45
2022/10/16,98927.28,18886.95,4922.64,0,2340.41,38977.44,0,41017.99,7971.31,17647.83,88349.32,0,0,2033688,39,29.73223666,11413753.52,718911,6166756.69,232658.16,6399414.85
2022/10/23,117029.52,21282.63,6481.49,0,2969.62,42619.28,0,55588.3,13379.3,20653.84,103825.27,0,0,1677947,39,23.51689907,11711585.56,700113,6219156.53,256488.95,6475645.48
2022/10/30,139688.53,20201.1,6347.56,0,2233.68,36725.14,0,61968.91,20536.59,6990.74,109213.5,0,0,1105383,32,13.51333313,12930115.6,688133,6701556.955,245506.76,6947063.715
2022/11/6,145153.43,20942.26,5756.67,0,1974.64,37637.58,0,61545.42,21773.48,0,111354.75,0,0,1120721,42,13.78131137,12667413.99,732979,6521895.93,307145.08,6829041.01
2022/11/13,150954.31,21882.18,6597.41,0,2760.89,36595.81,0,65269.52,27063.86,9185.47,81821.72,0,1,1142218,39,14.15689674,13312012.32,741519,6385250.58,314094.83,6699345.41
2022/11/20,231588.17,35899.77,25062.5,0,4170.81,63705.69,0,164914.95,77807.06,11518.58,305748.26,0,1,1394012,57,18.55612177,30951074.32,1608746,13783365.78,961289.97,14744655.75
2022/11/27,189685.49,35364.97,9607.26,0,5090.93,60588.12,0,156514.86,74335.05,19785.19,207457.77,0,1,2614110,59,39.87309383,22865780.07,1366516,12087275.8,812953.79,12900229.59
2022/12/4,138615.76,28618.85,5873.72,0,3492.52,44518.3,0,62768.67,33516.01,205.15,93494.92,0,0,1953148,42,28.32508008,15961899.19,818340,8783794.045,398643.99,9182438.035
2022/12/11,140053.17,32708.04,6136.23,0,2804.34,36079.11,0,73344.53,40743.44,0,109789.29,0,0,1334697,50,17.51979829,18022628.95,869702,10643568.45,387117.88,11030686.33
2022/12/18,109705.79,27631.85,5359.29,0,2512.02,25440.44,0,69787.87,11120.83,0,110982.36,0,0,1356237,50,17.89613493,13035328.34,777309,7065816.332,297428.67,7363245.002
2022/12/25,116581.63,33071.14,6025.41,0,1791.49,18466.59,0,4866.49,0,0,90601.37,0,0,1188829,56,14.97126196,13315546.1,923954,7759363.885,292253.52,8051617.405
2023/1/1,101041.36,25159.16,6235.61,0,1435.28,14876.13,0,0,0,0,54176.48,0,0,1390052,46,18.48693453,14899187.26,744339,7151942.105,198053.15,7349995.255
2023/1/8,97668.35,21991.66,5775.48,0,1447.91,9468.25,0,2914.86,0,0,57373.25,0,0,1134463,40,14.02140506,12873471.37,730163,7038815.716,193845.67,7232661.386
2023/1/15,94790.81,22129.74,3543.03,0,1200.09,10567.13,0,11799.49,400.08,0,61039.59,0,0,1077816,39,13.03169562,11834637.19,651188,6318167.79,255286.39,6573454.18
2023/1/22,95172.31,21385.66,3411.63,0,1107.88,14181.92,0,16742.94,0,0,59795.63,0,0,987198,39,11.44846101,11924758.46,641905,6328446.595,236080.81,6564527.405
2023/1/29,112045.85,20227.76,2230.09,0,1296.74,52026.67,0,48000.66,10111.37,0,72302.63,0,0,998246,39,11.64148641,14172633.2,651175,6710330.185,346584.14,7056914.325
2023/2/5,114593.17,20329.13,1658.3,978.11,1249.03,25595.29,0,42626.74,2578.2,0,77555.65,0,0,1023523,38,12.08311414,12420795.35,648181,6547730.978,310423.18,6858154.158
2023/2/12,126900.7,20788.77,978.18,13870.81,2284.81,28123.71,0,59410.04,5639.26,0,91309.42,0,0,1000973,40,11.68913126,11878282.17,626241,6243466.82,367554.56,6611021.38
2023/2/19,138028.95,20504.71,1612.04,11042.39,2701.9,35209.25,0,56158.01,5413.01,0,82913.73,0,0,960638,38,10.98441732,12155122.45,663717,6582376.363,385182.77,6967559.133
2023/2/26,126930.63,20647.96,1890.78,11852.27,2606.41,30138.25,0,33245.04,5593.63,0,82483.72,0,0,1146173,39,14.22599662,13326997.75,633946,6511626.234,250491.7,6762117.934
2023/3/5,130672.15,20422.87,1774.67,1992.22,2966.72,29445.2,0,19250.11,2167.13,0,55344.46,0,0,1141829,39,14.15010031,12825855.24,641985,7000660.94,199915.31,7200576.25
2023/3/12,135169.89,20853.36,1790.02,0,3719.44,33717.78,0,21769.45,1417.84,20962.01,74275.18,0,0,1153628,40,14.35624683,12117861.7,623699,6649097.6,247899.11,6896996.71
2023/3/19,137506.93,20336.59,1484.8,0,759.74,32021,0,43896.3,1317.07,12037.99,77681.72,0,0,1106552,39,13.53375734,12860229.49,636563,6638826.617,328300.55,6967127.167
2023/3/26,132746.96,19326.07,1858.93,0,0,36636.23,0,27341.57,1649.23,2206.64,76804.17,0,0,1110698,40,13.60619428,13894480.1,608492,6380699.82,316755.61,6697455.43
2023/4/2,133232.67,17804.06,1523.37,0,0,29385.62,0,5960.22,2396.82,0,65478.29,0,0,1234650,36,15.77182469,11054314.31,583337,5998783.46,203877.54,6202661
2023/4/9,128555.07,18584.9,759.69,0,0,31776.51,0,12778.56,4226.1,0,85333.86,0,0,1041910,39,12.40436306,12125642.53,597185,6517910.6,214439.61,6732350.21
2023/4/16,132029.78,18745.51,1060.91,0,1.2,28032.15,0,23506.47,2681.76,0,99827.57,0,0,1074783,37,12.97870448,12319794.48,570887,6262158.96,217890.24,6480049.2
2023/4/23,176304.42,18882.63,2573.34,0,0,34484.65,0,38616.87,4793.31,2000,92636.97,0,0,1009777,38,11.84295056,12487856.39,589030,6298540.36,217599.03,6516139.39
2023/4/30,178510.02,18280.26,2661.94,0,0,30576.89,0,52719.04,0,0,74185.34,0,0,1089033,38,13.22767371,11949539.67,590807,6582344.403,224661.12,6807005.523
2023/5/7,210398.33,19703.59,3372.62,0,0,30004.02,0,42672.41,930.13,0,74368.4,0,0,1088315,41,13.21512915,13016219.38,624112,7507349.2,248630.3,7755979.5
2023/5/14,192472.81,19131.76,3149.71,0,548.51,25151.15,0,18786.98,2116.79,16338.29,71777.52,0,0,1129590,38,13.93626632,11859787.24,609324,6540978.24,206233.44,6747211.68
2023/5/21,173842.52,20458.3,4823.44,0,1705.75,21620.56,0,17995.52,2760.46,461.71,72499.11,0,0,1062038,39,12.7560299,11239638.18,602292,5974327.36,200591.69,6174919.05
2023/5/28,175394.33,22532.75,4948.44,0,804.95,24781.57,1039.99,16895.14,2374.02,3465.34,66248.55,0,0,1103872,40,13.48693366,13383725.21,609976,6409434.21,189210.16,6598644.37
2023/6/4,177263.49,24853.17,5039.32,0,1846.75,30089.96,157.59,39169.4,7600.68,5950.96,70911.69,0,0,1599127,40,22.13979351,12746304.02,621514,6866815.43,241405.35,7108220.78
2023/6/11,189623.97,25268.42,5398.75,0,1786.09,35424.57,655.31,39936.86,4377.81,6922.45,79108.34,0,0,1518057,44,20.72337702,13194567.27,637128,7217622.061,250104.77,7467726.831
2023/6/18,193981.7,26033.97,5191.31,0,1702.63,35834.74,1301.45,40028.61,316.7,4174.47,90937.65,0,0,1558536,45,21.43060686,12695443.09,663059,7067642.611,217836.1,7285478.711
2023/6/25,195681.52,26860.17,5341.01,0,2146.16,30474.87,1001.16,37278.22,0,2744.43,84982.67,0,0,1552712,43,21.3288527,12125761.09,664103,6561485.15,205268.5,6766753.65
2023/7/2,223778.77,30585.4,3924.57,0,2408.15,22588.99,0,21208.47,0,0,59641.77,0,0,1642785,44,22.90256533,12728311.97,698502,6057477.53,243976.33,6301453.86
2023/7/9,229557.37,47277.48,6093.85,0,2699.48,24510.1,0,28650.49,0,0,161431.08,0,1,1840358,57,26.35446683,33600960.33,1820996,17296925.63,292071.9,17588997.53
2023/7/16,214427.76,43069.82,7620.8,0,2366.97,19113.21,0,24876.39,0,0,77505.64,0,0,5215002,44,85.31464206,11942791.49,689707,6337962.06,200760.82,6538722.88
2023/7/23,236754.91,42970.12,9162.39,0,2221.28,16589.49,0,19372.39,0,0,61065.63,0,0,1718599,46,24.22715148,12490091.02,636914,6683969.68,189889.39,6873859.07
2023/7/30,335603.18,57016.61,11462.86,0,2404.33,39552.14,0,112212.17,29472,0,144335.67,0,0,1705716,46,24.00206583,14529679.79,730710,7806663.19,348267.34,8154930.53
2023/8/6,416890.72,78988.07,15190.84,0,2363.29,25749.23,0,124439.43,30143.38,0,211082.56,0,0,1923372,44,27.80484796,14061583.36,747661,7942818.62,266807.07,8209625.69
2023/8/13,414038.21,94325.19,14110.42,0,2241.55,21149.61,437.58,124986.41,29259.27,0,232760.65,0,0,1895899,50,27.32485277,13998073.38,772781,7825153.26,285408.74,8110562
2023/8/20,468287.7,98931.72,15974.4,0,2374.19,30916.3,850.92,130219.23,41802.88,0,201089.87,0,0,1990834,46,28.98351195,13995252.27,735291,7568380.31,311076.77,7879457.08
2023/8/27,529743.96,107197.2,21773.97,0,2015.8,33443.4,855.09,81255.98,52344.12,0,181578.11,0,0,1710240,43,24.08110701,14572689.32,725664,7541523.18,320277.09,7861800.27
2023/9/3,582399.53,102829.48,22325.41,0,1784.07,39222.63,860.77,91478.13,37736.76,3276.82,162362.31,0,0,1962189,40,28.48304013,14508651.6,723302,7731919.018,295323.62,8027242.638
2023/9/10,638027.23,90549.12,18552.42,496.15,1903.65,62169.89,746.2,80142.56,12370.89,10351.34,135350.37,0,0,1907403,48,27.52584519,17226562.5,910942,9816413.485,460693.79,10277107.27
2023/9/17,512679.75,72286.12,13134.12,0,2407.56,74954.19,346.18,59522.39,16641.04,16896.9,124723.22,0,0,2173865,54,32.18134254,19841221.47,1091879,11122678.7,522367.33,11645046.03
2023/9/24,299109.13,46051.25,9261.39,0,2752.89,80737.02,0,78861.19,39635.28,4768.54,150459.93,0,0,2560911,50,38.9436262,17708718.2,1197063,9717122.15,440921.1,10158043.25
2023/10/1,298167.07,60976.86,8515.56,0,2709.54,62805.74,0,81864.9,40900.73,97012.73,181036.75,0,0,2647456,48,40.45569929,14995145.4,1049588,8396991.4,317541.77,8714533.17
2023/10/8,383055.83,71534.01,25535.88,0,2923.06,80229.27,0,169967.77,75333.6,139907.17,455576.01,0,1,2324342,64,34.81040513,30945608.69,2091565,17291534.93,397481.65,17689016.58
2023/10/15,273294.68,52863.74,14404.73,0,2117.66,41253.47,0,64108.49,18653.59,136344.06,230026.47,0,0,4936374,52,80.44658614,14729271.25,972818,8466715.54,331230.85,8797946.39
2023/10/22,278400.89,60970.81,9870.23,0,2511.58,33287.37,0,44648.06,18145.77,99110.97,170617.58,0,0,2562740,47,38.97558162,15137589.58,906343,7761096.575,276196.12,8037292.695
2023/10/29,276657.43,61014.57,9547.37,0,2320.61,37714.58,0,54437.71,17466.67,34812.62,142097.84,0,0,2083408,45,30.60092085,15498969.04,858393,8352018.292,271722.91,8623741.202
2023/11/5,274016.88,56262.07,7833.05,0,3040.62,33562.17,0,59077.01,14768.87,35890.93,133760.93,0,0,2078567,47,30.5163412,15825954.19,872499,7900321.783,403522.57,8303844.353
2023/11/12,213652.75,41565.1,4160.74,0,3189.9,54460.08,0,88166.48,24792.69,85234.25,173236.43,0,1,2121175,51,31.26076792,18750247.7,966928,8721309.865,476430.5,9197740.365
2023/11/19,206211.19,42709.94,3009.66,0,5163.79,90732.9,0,143082.9,81925.21,226635.53,355769.84,0,1,2735443,78,41.99296631,40139604.06,2103524,18804983.81,789859.56,19594843.37
2023/11/26,161738.34,32843.97,1868.11,0,7469.63,77829.93,0,107400.59,54862.75,91115.74,254498.47,0,1,5353699,62,87.73789009,26303391.1,1525865,13774181.66,543530.02,14317711.68
2023/12/3,107699.1,10519.54,482.86,0,2976.32,59204.98,0,63671.43,32118.74,45131.53,109667.01,0,0,4039068,51,64.7692824,17014844.75,986025,10109200.1,335083.64,10444283.74
2023/12/10,93271.99,1642.53,6.92,0,2891.12,45606.32,0,61414.32,34964.8,157214.37,90736.81,0,0,2220806,51,33.00147337,19277746.73,991894,10968138.26,343749.39,11311887.65
2023/12/17,92615.97,2028.97,6.99,0,2597.87,33656.61,0,60149.38,37449.4,110047.32,72287.49,0,0,2311666,50,34.58893609,16590427.04,1059323,9410659.641,298052.34,9708711.981
2023/12/24,93951.42,2516.08,7,0,3119.16,40705.67,0,54259.63,25958.7,226399.15,40496.7,0,0,2344451,61,35.16174002,14784787.44,1074009,8594570.99,343780.6,8938351.59
2023/12/31,94186.64,4349.31,197.56,0,2491.14,25495.33,0,8981.04,3822.21,29024.82,23110.73,0,0,2359218,46,35.41974202,18011621.1,860807,8315078.98,276781.87,8591860.85
2024/1/7,119322.79,13043.19,348.35,0,1981.75,41078.15,8332.15,19138.13,8014.89,22171.33,40935.44,0,0,2358576,51,35.4085253,14838754.56,840411,8098716.059,400430.73,8499146.789
2024/1/14,150325.59,18605.18,348.94,0,2013.31,29798.31,0,19991.42,9988.09,51009.99,42437.72,0,0,2037850,42,29.80495314,14249339.97,789046,7644254.371,339116.5,7983370.871
2024/1/21,165889.83,27429.69,167.46,0,1917.48,30924.45,0,15887.04,8340.8,77164.94,36536.57,0,0,1838588,39,26.32354223,14601379.98,782153,8080688.55,278979.6,8359668.15
2024/1/28,199604.54,24497.3,35.45,0,1832.12,28435.47,0,17785.68,6527.39,56326.75,28035.01,0,0,1854784,45,26.60651104,16547664.07,784862,8267513.299,321160.88,8588674.179
2024/2/4,206789.82,25314.26,438.18,0,1763.35,25915.36,0,18859.27,5007.81,52460.55,29222.44,0,0,2064975,44,30.27886824,14746740.13,748981,8134436.626,247630.33,8382066.956
2024/2/11,212695.25,25435.71,422.96,0,1727.77,29043.96,257.46,24511.81,7949.01,41201.36,31102.05,0,0,1927099,42,27.86996434,14366884.12,712903,7962614.303,249984.25,8212598.553
2024/2/18,258178.9,26885.23,168.67,0,1505.97,23930.01,342.33,15943.85,4345.16,43344,32286.26,0,0,1742395,52,24.64290388,14796169.32,775203,8218116.172,308376.25,8526492.422
2024/2/25,279248.18,23715.09,455.75,0,2326.18,30255.67,529.46,19118.23,3557.85,60240.18,42033.15,0,0,1856435,45,26.63535653,16982264.7,751406,8477344.66,284942.75,8762287.41
2024/3/3,296013.08,24194.6,1470.47,0,2561.48,32831.77,219.65,18264.14,4134.49,51478.98,50360.33,0,0,2016365,48,29.42957744,16983775.93,745267,8524615.013,245449.69,8770064.703
2024/3/10,283031.82,24183.73,1506.12,0,2913.74,31650.52,217.18,18877.11,4957.97,51361.28,63341.62,0,0,1972818,43,28.66874496,15353738.46,731610,8169636.462,309959.98,8479596.442
2024/3/17,277080.8,24741.01,769.25,0,3766.71,48399.71,214.8,40272.74,9609.81,65162.66,128177.14,0,0,1784341,48,25.37576444,18265382.75,821389,9395588.469,352276.93,9747865.399
2024/3/24,252041.74,23993.46,353.15,0,4317.77,44865.03,189.65,29845.3,8612.27,52285.33,80462.6,0,0,2171330,49,32.13705223,16527401.08,778596,8223410.679,357183.23,8580593.909
2024/3/31,273097.82,26094.44,348.1,0,3396.83,45855.4,328.03,31060.31,5880,19441.29,66834.02,0,0,2113784,45,31.13163588,16411033.76,767751,8755763.412,314961.11,9070724.522
2024/4/7,240032.42,27125.61,461.12,0,1856.84,37353.46,290.79,27896.8,5365.78,13041.58,62575.29,0,0,1973953,52,28.68857514,15159161.37,744700,8422514.553,267853.13,8690367.683
2024/4/14,239294.7,34041.34,784.58,0,1824.48,42090.61,397.33,56910.57,9358.11,26108.92,90540.01,0,0,1808062,48,25.79020648,17139935.9,758342,8814354.398,361200.21,9175554.608
2024/4/21,241275.17,37227.16,1101.04,0,1858.19,42797.74,356.55,31105.15,3068.39,34152.04,58203.15,0,0,1964597,50,28.52511156,16076125.87,743336,8402127.318,411732.47,8813859.788
2024/4/28,267082.47,37004.88,1016.04,0,1742.39,34613.75,585.34,21700.69,4629.55,73517.01,30510.19,104461.5531,0,1994717,45,29.05135388,15188587.76,718962,8465629,226967.9,8692596.9
2024/5/5,237333.97,38421.27,407.95,0,1448.46,29123.93,710.82,13945.28,6473.9,47171.23,61856.46,180228.6292,0,1827378,48,26.12768644,15148325.72,614555,8292130.28,260910,8553040.28
2024/5/12,277426.02,43705.6,600.78,0,1747.42,34874.11,805.69,20678.05,7480.9,138605.24,52234.67,176248.753,0,1562289,48,21.49617749,16212183.87,759364,9091854.3,329069.28,9420923.58
2024/5/19,298281.39,43749.72,707.65,0,2519.39,41787.99,715.51,29135.86,9854.4,66142.22,44987.84,136510.4378,0,1847620,55,26.48134504,16892183.02,790174,9269877.27,348543.46,9618420.73
2024/5/26,278111.01,40636.5,459.71,0,2846.91,53616.86,654.95,29943.86,16822.7,55818.59,54451.21,134798.7455,0,1925763,56,27.84662238,17817800.39,863923,9207151.88,321302.11,9528453.99
2024/6/2,238044.74,38942.16,365.21,47922.88,2316.68,42519.01,757.67,21786.61,15672.01,17568.81,61696.53,297825.5404,0,2236113,54,33.26891,17322233.15,793353,9007558.17,274964.16,9282522.33
2024/6/9,259490.57,41486.74,439.02,177329.76,1145.79,29344.73,737.26,38569.77,9217.43,10525.57,63059.75,169215.7072,0,2148066,57,31.73059468,17927031.94,823150,9557208.92,283500.4,9840709.32
2024/6/16,242335.96,40631.01,411.1,0,1016.6,26751.18,705.81,38737.69,7765.16,86373.92,56523,0,0,2028309,57,29.63825733,18021743.6,866952,9532292.35,313676.76,9845969.11
2024/6/23,236770.72,40654.45,307.11,0,951.41,26360.71,1015.4,23034.48,7525.51,6740.57,47045.95,0,0,2078533,54,30.51574717,16559241.33,801468,8935099.89,263663.21,9198763.1
2024/6/30,208972.02,38972.69,897.5,19449.49,1906.81,27083.85,758.45,23109.71,10119.89,4636.26,74620.68,0,0,2063128,55,30.24659834,15412330.43,832106,7808480.8,279159.89,8087640.69
2024/7/7,213248.14,39376.13,851.49,9042.39,1222.15,24157.01,663.42,23543.09,8941.84,27410.22,151557.88,0,0,2107449,67,31.02095377,18747823.54,919712,8274998.56,272777.54,8547776.1
2024/7/14,288386.95,54977.01,4492.08,16854.14,2372.59,31938.2,2960.43,101266.22,15863.43,12722.96,255972.21,0,1,2936413,81,45.50421859,43224359.46,1935257,22649109.63,393864.77,23042974.4
2024/7/21,182319.79,38341.01,591.02,4229.81,1633.07,23658.18,465.9,70865.01,7258.92,1445.87,67271.11,0,0,6055533,57,100,15325005.63,851718,8611992.85,197812.7,8809805.55
2024/7/28,194955.6,36055.92,1625.47,1327.73,1412.87,19157.86,397.53,40981.1,2972.42,2287.86,50482.45,0,0,2102942,51,30.94220961,16664960.83,791792,9082417.44,216289.23,9298706.67
2024/8/4,235832.02,42258.71,2980.8,5020.55,836.51,54043.9,30276.7,22089.95,2048.55,3022.06,41695.07,0,0,1972168,52,28.65738847,19318858.04,810792,9213311.46,591746.97,9805058.43
2024/8/11,293429.41,49860.87,6092.32,9667.19,733.48,40180.36,18869.01,42068.86,4286.34,1858.84,45252.67,0,0,2166513,57,32.0528919,19292372.31,891823,10383302.84,377891.05,10761193.89
2024/8/18,282470.84,47359.63,5839.17,8932.13,1105.69,48705.13,26178.13,49827.97,5621.55,12667.64,48305.12,0,0,2372436,57,35.65068063,18422987.76,851883,9761865.17,346389.51,10108254.68
2024/8/25,309947.37,46633.64,6467.11,18960.1,1710.21,49102.1,12838.61,59010.82,6061.43,3674.15,53258.74,0,0,2144324,53,31.66521624,19440515.62,858402,9623052.5,319773.03,9942825.53
2024/9/1,337094.13,49615.85,7190.26,15375.06,1808.55,34086.41,938.03,54430.88,7913.13,3873.9,57230.7,0,0,2444976,55,36.91806501,19185639.23,857132,9439587.95,369182.64,9808770.59
2024/9/8,397935.7,63485.33,7206.55,52473.59,1809.47,37713.29,474.99,65128.59,9559.79,4795.84,85979.04,0,0,2389277,59,35.94491857,19934371.68,931408,10585864.13,409242.61,10995106.74
2024/9/15,409715.07,65703.56,7348.84,53847.03,1778.4,39706.45,426.08,68526.12,14012.24,52519.31,83012.64,0,0,2325883,52,34.83732875,20649386.53,1022282,11298380.47,423982.09,11722362.56
2024/9/22,353824.98,68659.74,6163.37,55527.26,1969.22,34785.25,403.05,76285.02,20236.04,194415.78,84555.66,0,0,2450920,55,37.02191576,21048171.21,1110990,11276954.17,378211.18,11655165.35
2024/9/29,322102.44,68420.75,6348.17,56607.6,2055.67,34140.62,420.54,56702.12,18696.15,10817.6,287078.65,0,0,2583609,58,39.34019487,19259795.2,1012286,10569645.83,361059.42,10930705.25
2024/10/6,462227.85,88154.82,13281.02,43486.35,2018.24,35786.69,1890.88,76120.03,15510.05,16739.62,284059.05,0,1,2496919,80,37.82558841,33823079.45,1930356,20608927.76,491654.84,21100582.6
2024/10/13,347629.86,63144.75,6883.27,29020.67,1779.03,34805.05,1390.84,57759.48,10054.98,6994.05,74137.01,0,0,4653078,59,75.49697315,24622473.77,961283,10856711.5,351856.05,11208567.55
2024/10/20,304429.55,58543.56,4666.48,31282.62,2162.48,34173.37,141.67,56000.86,9358.65,10948.64,84169.77,0,0,3253792,55,51.04931355,18633740.59,899469,10205886.72,366612.38,10572499.1
2024/10/27,269018.3,45081.57,4711.45,48411.47,2281.06,32424.92,139.38,74127.79,8546.98,9616.94,124113.61,43596.0421,0,2588313,51,39.42238092,17469656.72,860441,9006697.06,349269.83,9355966.89
2024/11/3,237270.59,45015.47,4013.46,67758.77,2253.52,37754.51,283.77,115027.2,7338.39,6784.8,177939.22,164332.16,0,2096166,53,30.82382256,19057771.56,889096,9231722.13,451951.66,9683673.79
2024/11/10,254145.95,47326.54,5015.02,57107.01,2683.68,41613.18,301.5,125771.98,6404.07,4199.76,158647.73,204545.5195,0,2195089,56,32.55215818,19856768.34,995944,10406468.54,473982.31,10880450.85
2024/11/17,310433.65,64857.21,9520.89,40566.69,1744.08,50537.76,293.76,184739.3,7794.35,4118.53,233230.5,232617.8621,1,2317349,64,34.68822676,29366577.66,1386275,16122120.07,723211.8,16845331.87
2024/11/24,423626.58,82249.1,12519.62,276342.6,4609.13,61137.34,276.71,389744.68,12426.24,10737.83,475962.68,267424.6104,1,3529483,100,55.86605561,53461251.35,2114452,24980577.65,1233939.67,26214517.32
2024/12/1,230939.28,49536.16,4945.98,378118.32,4055.24,68060.43,290.62,197115.63,3665.59,247,249066.38,218696.8688,1,5566026,85,91.44756647,35222331.08,1529678,16166397.14,869616.23,17036013.37
2024/12/8,223380.89,41442.41,3567.4,124233.92,3252.24,49659.52,288.16,151792.56,1031.04,0,258595.22,283109.256,0,4069114,70,65.29423183,25707509.25,1134496,14541920.65,582461.38,15124382.03
2024/12/15,192079.83,36902.17,2399.81,0,2335.24,42972.42,281.75,194472.27,0,0,193841.26,30438.8175,0,2548330,65,38.72381696,23383175.11,1161950,12922108.89,437285.44,13359394.33
2024/12/22,204886.64,35825.35,2567.96,0,1890.17,40565.12,190.48,121208.37,0,0,115667.33,0,0,2546083,72,38.68455844,17687461.44,1125071,9907911.48,339730.37,10247641.85
2024/12/29,54335.32,9932.93,968.13,0,617.54,12664.05,99.96,28626.03,0,0,31492.58,0,0,2447738,64,36.96632137,4906475.72,1021472,2884756,109811.15,2994567.15
