week,spa,sb,sd,google_youtube,bing,google_without_youtube,others,fb-ig,twitter,tiktok,dsp,fincast,promotion,amazon search volume,google search index,amazon search index,sales_revenue,amz_search_without_keywords,amz_rev,dtc_rev,total_rev,spa_impressions,sb_impressions,sd_impressions,bing_impressions,google_youtube_impressions,google_without_youtube_impressions,fb-ig_impressions,twitter_impressions,tiktok_impressions,dsp_impressions,fincast_impressions
2022-02-06,90912.99,26913.97,2463.53,5065.29,1772.86,28421.39,0,8291.6,1511.97,580.65,55971.87,0,0,1069453,37,12.88558126,11902198.43,560423,6112115.4,162489.31,6274604.71,11551310,1581029,560741,100512,452463,7357381,1017096,307450,66411,27936043,0
2022-02-13,89819.67,25612.39,2018.55,11850.41,2261.65,29433.71,0,9142.68,1266.96,532.08,61144.4,0,0,1008080,41,11.81330139,11764134.06,743820,6180729.07,173070.79,6353799.86,10571222,1688770,493328,106736,1018559,7713781,1144204,908252,58254,28004044,0
2022-02-20,97332.61,26111.38,2298.98,10342.03,1959.08,29480.79,0,16700.94,1714.69,1997.05,62861.27,0,0,781254,40,7.850305376,12195283.87,583870,6285100.499,200608.2,6485708.699,10527169,1841416,467692,114948,867105,8818449,1987452,933108,274066,31798933,0
2022-02-27,97122.58,26391.22,3005.02,7119.19,1773.18,22209.05,0,14592.06,1444.21,2261,45351.85,0,0,1474048,37,19.9544727,12924388.14,554503,7043818.429,148573.67,7192392.099,12343103,1733052,535251,67178,519239,8256957,1737195,301552,294180,22238225,0
2022-03-06,93209.01,25492.19,3736.52,5601.46,1268.05,32725.51,0,17107.45,2116.96,67.77,66077.28,0,0,854972,39,9.138271217,12054443.93,571976,6284391.69,160847.55,6445239.24,11408432,1703193,748397,15526,428963,10049780,1597481,496002,10029,16882701,0
2022-03-13,79048.15,25615.88,4519.4,0,1153.38,32837.4,0,24471.71,2526.44,0,61302.3,0,0,866414,38,9.3381804,11816000.81,544147,5946726.77,190796.64,6137523.41,9699266,1713348,923773,12713,0,11051855,2399537,564927,0,12389846,0
2022-03-20,74395.64,21182.17,5339.95,0,1292.87,34190.74,0,37780.76,3303.27,0,72581.68,0,0,827699,39,8.66177033,12755919.18,573098,6067280.49,231328.25,6298608.74,9397326,1220414,1083421,13349,0,6771887,4704042,444406,0,12533195,0
2022-03-27,63227.59,19769.57,4906.89,0,1092.45,26944.11,0,40715.16,4644.32,0,61648.11,0,0,864259,34,9.300529265,12240019.07,573623,6179504.24,204707.76,6384212,8376589,1088987,996350,13247,0,5170785,4579280,642337,0,9587797,0
2022-04-03,69150.19,21964.69,4939.15,0,1015.38,15735.12,0,33500.73,3848.11,0,24185.83,0,0,1347453,39,17.74266506,11659263.63,575927,6024088.85,166113.57,6190202.42,9436965,1336454,966051,13491,0,1219561,3279089,494015,0,3462539,0
2022-04-10,74844.77,20625.38,5175.48,0,1019.67,19487.24,0,35358.4,5739.07,0,55724.74,0,0,909647,40,10.09352682,11286793.3,614435,6159466.28,192121.8,6351588.08,9190947,1538666,879692,14229,0,1617077,3191086,691928,0,9524557,0
2022-04-17,69571.39,22886,6621.74,0,880.49,23265.76,0,29361.03,6455.18,0,67037.28,0,0,933508,37,10.51041486,11489012.45,597570,6075166.06,210139.25,6285305.31,9202868,1639781,953529,15421,0,2897436,2390671,1221492,0,11678655,0
2022-04-24,72570.82,21224.99,6791.91,0,881.21,20575.73,0,26579.46,8746.32,0,71685.64,0,0,1397443,39,18.61606657,11463527.06,715750,5938743.51,179926.19,6118669.7,9104246,1423720,898756,14350,0,2721146,2239269,2169809,0,12802229,0
2022-05-01,80593.22,15335.44,4292.49,0,802.07,15695.42,0,30123.9,8609.96,0,61932.78,0,0,1520250,36,20.76169208,11083921.85,575074,6120099.03,179691.83,6299790.86,9430209,1034068,644351,13449,0,1929003,2755118,2245574,0,10935076,0
2022-05-08,91837.29,17157.94,4550.39,0,761.36,24106.05,0,39738.05,14215.56,0,56321.86,0,0,887004,40,9.697919089,11285614.19,604489,5966538.93,262239.44,6228778.37,10815103,1189204,639569,14054,0,3834073,3419526,4214471,0,9956282,0
2022-05-15,77050.28,16858.79,4268.23,689.15,1056.66,28648.93,0,36297.49,13800.52,0,64517.48,0,0,910138,37,10.10210534,11362481.25,610155,5829104,228960.02,6058064.02,9544810,1115089,595080,14556,46610,3982552,2793946,3233276,0,13600580,0
2022-05-22,90693.72,17450.66,5518.26,5031.31,1301.7,26005.8,0,40437.73,14075.54,0,63178.09,0,0,922122,40,10.31148409,11766962.13,599659,5905120.48,204669.43,6109789.91,13142745,965703,806787,14619,865858,3963094,4327251,3845270,0,14417605,0
2022-05-29,99618.07,18036.23,6173.87,6109.15,1514.22,28291.92,0,24486.92,14183.37,0,60648.71,0,0,923846,40,10.34160499,11648773.46,583544,6014319.26,213586.33,6227905.59,14017800,1151581,939723,16478,1239383,5416484,4866747,3074883,0,13550045,0
2022-06-05,98309.92,18075.25,5825.66,5612.1,1884.33,21264.29,0,15549.75,10972.88,0,60744.46,0,0,937399,43,10.57839656,11646186.92,584120,6088676.52,187717.1,6276393.62,12741821,1261010,820477,17128,1158620,2565901,3446763,2229723,0,12200343,0
2022-06-12,103693.59,19753.71,7307.76,3248.78,2007.59,24488.34,0,13761.84,11001.04,0,84642.5,0,0,950142,40,10.8010362,11856482.17,574731,5982929.56,212322.46,6195252.02,14645760,1359427,945432,24051,615315,2596142,2213183,1851023,0,18514442,0
2022-06-19,116214.13,20506.75,7152.16,0,2221.05,26653.84,0,13624.93,22722.44,0,92489.22,0,0,909486,41,10.0907139,11419709.6,588217,6122358.18,174932.96,6297291.14,14925066,1475906,911938,21845,0,4654281,1394267,4632849,0,19571278,0
2022-06-26,104205.08,22157.55,7011.8,0,2167.74,27309.76,0,13623.36,21532.32,0,85506.43,0,0,913436,40,10.15972642,11486631.91,606871,6041519.65,247421.95,6288941.6,13262204,1487074,1114796,20744,0,5318703,1539162,4864101,0,17404645,0
2022-07-03,73895.56,18064.9,5594.4,0,2747.02,38472.47,0,12539.69,19090.16,0,50415.29,0,0,953168,38,10.85390503,10700736.56,602046,5722123.26,214438.4,5936561.66,10758561,1169753,863471,28380,0,8539636,1686309,4512043,0,9761406,0
2022-07-10,90779.53,24270.01,8110.61,0,4690.99,34863.78,0,23947.21,18251.24,0,125597.02,0,1,949717,49,10.7936108,25875617.85,1734983,12732304.39,227253.17,12959557.56,13040957,1619608,955415,43470,0,7832806,2767606,4340081,0,18286799,0
2022-07-17,61420.29,17178.67,4905.23,0,3986.26,25207.77,0,22185.22,47964.91,0,63046.6,0,0,4118754,40,66.1615183,10846613.23,615746,5979393.08,217523.59,6196916.67,9528755,1292415,669033,29455,0,5953080,2262774,4142695,0,13649143,0
2022-07-24,80876.23,13512.57,3832.03,791.54,3947.27,16297.35,0,94425.4,81751.39,0,77898.11,0,0,946857,45,10.74364224,12232487.27,888652,6246157.95,465752.11,6711910.06,10685563,958357,747780,41632,137617,1344475,13436360,21011479,0,6102247,0
2022-07-31,97317.99,16861.53,3107.75,0,3617.17,25017.51,0,77679.37,44118.55,0,73656.57,0,0,1310165,41,17.09118686,12118516.62,840620,6551190.91,255114.33,6806305.24,14255442,1287969,704429,234137,0,2059090,18379965,9384885,0,6716419,0
2022-08-07,103213.16,21398.92,3906.59,602.84,4452.19,26061.01,0,32473.83,7690.27,0,48576.37,0,0,1723564,41,24.3138976,12439484.94,868320,6798704.49,267736.78,7066441.27,14698122,1655374,702505,326975,215911,2647419,3771210,2659705,0,7502548,0
2022-08-14,109222.59,27472.92,4390.09,0.01,3915.47,28434.2,0,42759.21,12790.56,15800.38,42126.5,0,0,1286884,43,16.6844323,13075590.96,689367,7299372.93,310000.74,7609373.67,16822119,2364827,799828,150692,11,4015168,4317498,3436928,3265507,7217328,0
2022-08-21,113461.42,27618.68,3767.87,0,4479.67,25713.43,0,63346.58,27171.72,12395.28,59233.62,0,0,1068352,41,12.86634511,13493749.25,704812,7404501.16,339775.71,7744276.87,16405522,2513420,793149,177640,0,4372213,5897339,6864961,2065490,9002593,0
2022-08-28,115055.05,26673.32,3208.86,0,4426.44,26336.83,0,58437.4,34552.92,6714.73,65576.98,0,0,1100022,39,13.41966829,13351628.82,660968,7518694.61,332826.87,7851521.48,17690426,2502825,724285,140308,0,2376958,5053683,8859140,670115,7484863,0
2022-09-04,130635.75,30552.88,4760.15,4173.29,4446.71,32173.43,0,62747.69,24646.71,16796.21,54861.06,0,0,1078559,43,13.04467696,13224927.41,738942,7214168.43,326327.63,7540496.06,19276037,2678770,1022012,163400,918831,3673378,9417143,5559974,3912907,8021281,0
2022-09-11,129552.64,31643.43,5828.49,15103.9,3584.65,29413.19,1993.86,88854.43,36168.96,18592.43,75576.14,0,0,1198184,41,15.13470807,14522655.76,788910,8205738.38,315170.79,8520909.17,20908233,2740376,1360974,134035,3168986,3639852,15303584,6952035,3905046,13875433,0
2022-09-18,131573.03,26140.17,6726.97,7490.25,2931.68,37694.51,0,88901.94,31693.65,29263.14,94549.18,0,0,1830842,43,26.1882078,14895936.14,1148617,7963153.55,341896.19,8305049.74,22394719,2190030,932379,99428,1560696,3195401,11022540,5807651,5114134,16205341,0
2022-09-25,121945.02,18708.43,5796.89,3174.27,2670.27,53231.74,0,101730.13,34898.38,18519.19,99789.29,0,0,1591230,43,22.00182088,13620574.42,843809,7420136.62,361175.64,7781312.26,20432981,1563350,897386,106481,649548,8900696,12186712,8898815,3045460,19099312,0
2022-10-02,108967.78,16733.4,5396.96,0,2246.34,46039.26,0,75990.65,31551.11,14773.74,96659.2,0,0,1258973,39,16.19678458,12220014.57,770774,6698383.7,292325.82,6990709.52,16917665,1430092,787373,122441,0,6117131,8749028,11013297,2885356,23624924,0
2022-10-09,116633.25,25467.34,7245.96,0,2207.18,41996.11,0,73106.53,29839.27,19084.45,224175.75,0,1,1188009,44,14.95693531,19583229.16,1377621,12260223.45,386589,12646812.45,21537151,2619337,1134031,112963,0,4700249,6279969,7699717,3956665,39377361,0
2022-10-16,98927.28,18886.95,4922.64,0,2340.41,38977.44,0,41017.99,7971.31,17647.83,88349.32,0,0,2033688,39,29.73223666,11413753.52,718911,6166756.69,232658.16,6399414.85,19756892,2117376,890031,113304,0,4542988,3418583,1877377,2374147,17584075,0
2022-10-23,117029.52,21282.63,6481.49,0,2969.62,42619.28,0,55588.3,13379.3,20653.84,103825.27,0,0,1677947,39,23.51689907,11711585.56,700113,6219156.53,256488.95,6475645.48,22591219,2440585,1043117,107200,0,5184262,5309292,2887254,2908869,21177222,0
2022-10-30,139688.53,20201.1,6347.56,0,2233.68,36725.14,0,61968.91,20536.59,6990.74,109213.5,0,0,1105383,32,13.51333313,12930115.6,688133,6701556.955,245506.76,6947063.715,23609748,2351511,1243460,68884,0,4827162,7243261,8274320,1171407,22659835,0
2022-11-06,145153.43,20942.26,5756.67,0,1974.64,37637.58,0,61545.42,21773.48,0,111354.75,0,0,1120721,42,13.78131137,12667413.99,732979,6521895.93,307145.08,6829041.01,24900008,2215975,1077116,69712,0,3491740,7335509,11001293,0,21912743,0
2022-11-13,150954.31,21882.18,6597.41,0,2760.89,36595.81,0,65269.52,27063.86,9185.47,81821.72,0,1,1142218,39,14.15689674,13312012.32,741519,6385250.58,314094.83,6699345.41,21613745,2488391,1074935,123743,0,1905298,6693356,14125477,2220039,14105453,0
2022-11-20,231588.17,35899.77,25062.5,0,4170.81,63705.69,0,164914.95,77807.06,11518.58,305748.26,0,1,1394012,57,18.55612177,30951074.32,1608746,13783365.78,961289.97,14744655.75,39601299,3325905,2373237,160734,0,3650305,11075380,28807722,1342001,52414645,0
2022-11-27,189685.49,35364.97,9607.26,0,5090.93,60588.12,0,156514.86,74335.05,19785.19,207457.77,0,1,2614110,59,39.87309383,22865780.07,1366516,12087275.8,812953.79,12900229.59,37758145,3309271,1672048,137810,0,3914277,10028552,31228587,2426882,37960859,0
2022-12-04,138615.76,28618.85,5873.72,0,3492.52,44518.3,0,62768.67,33516.01,205.15,93494.92,0,0,1953148,42,28.32508008,15961899.19,818340,8783794.045,398643.99,9182438.035,25243604,3081834,1321584,108878,0,1967299,6921978,15042754,26037,17195495,0
2022-12-11,140053.17,32708.04,6136.23,0,2804.34,36079.11,0,73344.53,40743.44,0,109789.29,0,0,1334697,50,17.51979829,18022628.95,869702,10643568.45,387117.88,11030686.33,23367546,3790653,1431480,95205,0,1995597,8141155,16481315,0,20819889,0
2022-12-18,109705.79,27631.85,5359.29,0,2512.02,25440.44,0,69787.87,11120.83,0,110982.36,0,0,1356237,50,17.89613493,13035328.34,777309,7065816.332,297428.67,7363245.002,18354804,3329994,1105832,203313,0,1752556,9288990,4245744,0,16763308,0
2022-12-25,116581.63,33071.14,6025.41,0,1791.49,18466.59,0,4866.49,0,0,90601.37,0,0,1188829,56,14.97126196,13315546.1,923954,7759363.885,292253.52,8051617.405,25605285,3684121,1444481,128997,0,2145511,742063,0,0,15096036,0
2023-01-01,101041.36,25159.16,6235.61,0,1435.28,14876.13,0,0,0,0,54176.48,0,0,1390052,46,18.48693453,14899187.26,744339,7151942.105,198053.15,7349995.255,23067303,3087760,1495726,126986,0,1551346,0,0,0,9819926,0
2023-01-08,97668.35,21991.66,5775.48,0,1447.91,9468.25,0,2914.86,0,0,57373.25,0,0,1134463,40,14.02140506,12873471.37,730163,7038815.716,193845.67,7232661.386,20802639,2532631,1295656,116455,0,395615,437289,0,0,9125535,0
2023-01-15,94790.81,22129.74,3543.03,0,1200.09,10567.13,0,11799.49,400.08,0,61039.59,0,0,1077816,39,13.03169562,11834637.19,651188,6318167.79,255286.39,6573454.18,17124569,2318181,815697,109817,0,935663,1113886,175522,0,9718221,0
2023-01-22,95172.31,21385.66,3411.63,0,1107.88,14181.92,0,16742.94,0,0,59795.63,0,0,987198,39,11.44846101,11924758.46,641905,6328446.595,236080.81,6564527.405,17860046,2363604,705302,99014,0,1366716,1542322,0,0,9514523,0
2023-01-29,112045.85,20227.76,2230.09,0,1296.74,52026.67,0,48000.66,10111.37,0,72302.63,0,0,998246,39,11.64148641,14172633.2,651175,6710330.185,346584.14,7056914.325,20473967,2280269,449845,77181,0,10504823,9253224,5242520,0,10250928,0
2023-02-05,114593.17,20329.13,1658.3,978.11,1249.03,25595.29,0,42626.74,2578.2,0,77555.65,0,0,1023523,38,12.08311414,12420795.35,648181,6547730.978,310423.18,6858154.158,21367013,3049014,342188,70140,120778,1460030,4566184,1166014,0,11210301,0
2023-02-12,126900.7,20788.77,978.18,13870.81,2284.81,28123.71,0,59410.04,5639.26,0,91309.42,0,0,1000973,40,11.68913126,11878282.17,626241,6243466.82,367554.56,6611021.38,21251810,2897790,203780,112245,1563964,1511162,9282024,2947870,0,12309442,0
2023-02-19,138028.95,20504.71,1612.04,11042.39,2701.9,35209.25,0,56158.01,5413.01,0,82913.73,0,0,960638,38,10.98441732,12155122.45,663717,6582376.363,385182.77,6967559.133,26475122,2343536,339675,77911,1236746,1898483,7534478,2890199,0,10654300,0
2023-02-26,126930.63,20647.96,1890.78,11852.27,2606.41,30138.25,0,33245.04,5593.63,0,82483.72,0,0,1146173,39,14.22599662,13326997.75,633946,6511626.234,250491.7,6762117.934,23691240,2271889,421369,137725,1394113,2022511,3459245,3180938,0,10066772,0
2023-03-05,130672.15,20422.87,1774.67,1992.22,2966.72,29445.2,0,19250.11,2167.13,0,55344.46,0,0,1141829,39,14.15010031,12825855.24,641985,7000660.94,199915.31,7200576.25,22084701,2489329,381197,211339,217788,1904048,1671134,1102627,0,6667023,0
2023-03-12,135169.89,20853.36,1790.02,0,3719.44,33717.78,0,21769.45,1417.84,20962.01,74275.18,0,0,1153628,40,14.35624683,12117861.7,623699,6649097.6,247899.11,6896996.71,20615569,2384800,381136,320238,0,2932212,1788927,604475,3221936,7885570,0
2023-03-19,137506.93,20336.59,1484.8,0,759.74,32021,0,43896.3,1317.07,12037.99,77681.72,0,0,1106552,39,13.53375734,12860229.49,636563,6638826.617,328300.55,6967127.167,21211235,2519845,371805,51820,0,1838525,3503359,619230,1991177,9694938,0
2023-03-26,132746.96,19326.07,1858.93,0,0,36636.23,0,27341.57,1649.23,2206.64,76804.17,0,0,1110698,40,13.60619428,13894480.1,608492,6380699.82,316755.61,6697455.43,19838702,2708485,472728,0,0,1786174,2515471,613889,326171,8486351,0
2023-04-02,133232.67,17804.06,1523.37,0,0,29385.62,0,5960.22,2396.82,0,65478.29,0,0,1234650,36,15.77182469,11054314.31,583337,5998783.46,203877.54,6202661,19150816,2619652,384057,0,0,1643031,886555,1856996,0,7280066,0
2023-04-09,128555.07,18584.9,759.69,0,0,31776.51,0,12778.56,4226.1,0,85333.86,0,0,1041910,39,12.40436306,12125642.53,597185,6517910.6,214439.61,6732350.21,19069803,2303638,217219,0,0,1349457,1580633,2907215,0,8819068,0
2023-04-16,132029.78,18745.51,1060.91,0,1.2,28032.15,0,23506.47,2681.76,0,99827.57,0,0,1074783,37,12.97870448,12319794.48,570887,6262158.96,217890.24,6480049.2,20715445,2535881,243888,82,0,1143952,2781032,1561373,0,8973636,0
2023-04-23,176304.42,18882.63,2573.34,0,0,34484.65,0,38616.87,4793.31,2000,92636.97,0,0,1009777,38,11.84295056,12487856.39,589030,6298540.36,217599.03,6516139.39,26482693,2440496,603961,0,0,1515211,4040017,3087468,311795,7935991,0
2023-04-30,178510.02,18280.26,2661.94,0,0,30576.89,0,52719.04,0,0,74185.34,0,0,1089033,38,13.22767371,11949539.67,590807,6582344.403,224661.12,6807005.523,26073957,2335795,676625,0,0,1282558,5451496,0,0,6414632,0
2023-05-07,210398.33,19703.59,3372.62,0,0,30004.02,0,42672.41,930.13,0,74368.4,0,0,1088315,41,13.21512915,13016219.38,624112,7507349.2,248630.3,7755979.5,28974869,2223360,762304,0,0,1365939,5462580,414950,0,6156646,0
2023-05-14,192472.81,19131.76,3149.71,0,548.51,25151.15,0,18786.98,2116.79,16338.29,71777.52,0,0,1129590,38,13.93626632,11859787.24,609324,6540978.24,206233.44,6747211.68,26070515,2154255,776444,162861,0,1250722,3301715,856638,2729639,5693460,0
2023-05-21,173842.52,20458.3,4823.44,0,1705.75,21620.56,0,17995.52,2760.46,461.71,72499.11,0,0,1062038,39,12.7560299,11239638.18,602292,5974327.36,200591.69,6174919.05,24104583,2273825,1292975,133287,0,1109834,3106779,1059958,92107,6096217,0
2023-05-28,175394.33,22532.75,4948.44,0,804.95,24781.57,1039.99,16895.14,2374.02,3465.34,66248.55,0,0,1103872,40,13.48693366,13383725.21,609976,6409434.21,189210.16,6598644.37,25269427,2398070,1679582,35053,0,1396582,2961542,1043764,482193,5579776,0
2023-06-04,177263.49,24853.17,5039.32,0,1846.75,30089.96,157.59,39169.4,7600.68,5950.96,70911.69,0,0,1599127,40,22.13979351,12746304.02,621514,6866815.43,241405.35,7108220.78,28160923,2428283,1291298,358931,0,2191414,5549410,4424528,719506,6699329,0
2023-06-11,189623.97,25268.42,5398.75,0,1786.09,35424.57,655.31,39936.86,4377.81,6922.45,79108.34,0,0,1518057,44,20.72337702,13194567.27,637128,7217622.061,250104.77,7467726.831,29403799,2629703,1250048,46037,0,2441526,5213702,2283707,1294339,7110245,0
2023-06-18,193981.7,26033.97,5191.31,0,1702.63,35834.74,1301.45,40028.61,316.7,4174.47,90937.65,0,0,1558536,45,21.43060686,12695443.09,663059,7067642.611,217836.1,7285478.711,32378583,2677406,1280705,106661,0,2012355,4716315,140255,775634,7584822,0
2023-06-25,195681.52,26860.17,5341.01,0,2146.16,30474.87,1001.16,37278.22,0,2744.43,84982.67,0,0,1552712,43,21.3288527,12125761.09,664103,6561485.15,205268.5,6766753.65,32930515,2581470,1580215,43791,0,2405672,4288551,0,553708,6779738,0
2023-07-02,223778.77,30585.4,3924.57,0,2408.15,22588.99,0,21208.47,0,0,59641.77,0,0,1642785,44,22.90256533,12728311.97,698502,6057477.53,243976.33,6301453.86,32355106,2714664,531479,177564,0,2682008,2884108,0,0,5963698,0
2023-07-09,229557.37,47277.48,6093.85,0,2699.48,24510.1,0,28650.49,0,0,161431.08,0,1,1840358,57,26.35446683,33600960.33,1820996,17296925.63,292071.9,17588997.53,30273885,4234285,784227,203732,0,2575006,3316650,0,0,16069036,0
2023-07-16,214427.76,43069.82,7620.8,0,2366.97,19113.21,0,24876.39,0,0,77505.64,0,0,5215002,44,85.31464206,11942791.49,689707,6337962.06,200760.82,6538722.88,30910943,3979921,1554839,144490,0,2246895,2952764,0,0,7552536,0
2023-07-23,236754.91,42970.12,9162.39,0,2221.28,16589.49,0,19372.39,0,0,61065.63,0,0,1718599,46,24.22715148,12490091.02,636914,6683969.68,189889.39,6873859.07,33175277,3724547,1949943,211770,0,2508457,4329041,0,0,6005455,0
2023-07-30,335603.18,57016.61,11462.86,0,2404.33,39552.14,0,112212.17,29472,0,144335.67,0,0,1705716,46,24.00206583,14529679.79,730710,7806663.19,348267.34,8154930.53,42727845,3766007,2767433,398325,0,6710157,31603904,17405499,0,10527806,0
2023-08-06,416890.72,78988.07,15190.84,0,2363.29,25749.23,0,124439.43,30143.38,0,211082.56,0,0,1923372,44,27.80484796,14061583.36,747661,7942818.62,266807.07,8209625.69,45694663,4009633,3720548,366607,0,2690453,31712696,18951536,0,12221228,0
2023-08-13,414038.21,94325.19,14110.42,0,2241.55,21149.61,437.58,124986.41,29259.27,0,232760.65,0,0,1895899,50,27.32485277,13998073.38,772781,7825153.26,285408.74,8110562,45867168,4400653,3720322,91987,0,2185896,28209754,15746873,0,13208074,0
2023-08-20,468287.7,98931.72,15974.4,0,2374.19,30916.3,850.92,130219.23,41802.88,0,201089.87,0,0,1990834,46,28.98351195,13995252.27,735291,7568380.31,311076.77,7879457.08,55274966,4380303,4044707,232437,0,2812477,21749510,25141152,0,12699444,0
2023-08-27,529743.96,107197.2,21773.97,0,2015.8,33443.4,855.09,81255.98,52344.12,0,181578.11,0,0,1710240,43,24.08110701,14572689.32,725664,7541523.18,320277.09,7861800.27,60765983,4626719,4907551,112563,0,3066235,10797672,29774748,0,13053472,0
2023-09-03,582399.53,102829.48,22325.41,0,1784.07,39222.63,860.77,91478.13,37736.76,3276.82,162362.31,0,0,1962189,40,28.48304013,14508651.6,723302,7731919.018,295323.62,8027242.638,67297579,4794287,4951946,52597,0,2695832,12285432,16551981,463869,14080209,0
2023-09-10,638027.23,90549.12,18552.42,496.15,1903.65,62169.89,746.2,80142.56,12370.89,10351.34,135350.37,0,0,1907403,48,27.52584519,17226562.5,910942,9816413.485,460693.79,10277107.27,74354524,4362911,4001249,62995,89141,5847112,10153286,4283795,1250511,12632580,0
2023-09-17,512679.75,72286.12,13134.12,0,2407.56,74954.19,346.18,59522.39,16641.04,16896.9,124723.22,0,0,2173865,54,32.18134254,19841221.47,1091879,11122678.7,522367.33,11645046.03,51965752,4775296,2282796,74450,0,8776252,8276034,6384496,2030351,11438244,0
2023-09-24,299109.13,46051.25,9261.39,0,2752.89,80737.02,0,78861.19,39635.28,4768.54,150459.93,0,0,2560911,50,38.9436262,17708718.2,1197063,9717122.15,440921.1,10158043.25,31691225,2622785,1549823,74843,0,16714385,10408087,14544791,962000,14968981,0
2023-10-01,298167.07,60976.86,8515.56,0,2709.54,62805.74,0,81864.9,40900.73,97012.73,181036.75,0,0,2647456,48,40.45569929,14995145.4,1049588,8396991.4,317541.77,8714533.17,36638737,3281470,1260877,78032,0,16099670,11071618,14613908,20056526,24759559,0
2023-10-08,383055.83,71534.01,25535.88,0,2923.06,80229.27,0,169967.77,75333.6,139907.17,455576.01,0,1,2324342,64,34.81040513,30945608.69,2091565,17291534.93,397481.65,17689016.58,48868566,3628819,3632525,114919,0,15460748,18712726,36301364,31934880,52622106,0
2023-10-15,273294.68,52863.74,14404.73,0,2117.66,41253.47,0,64108.49,18653.59,136344.06,230026.47,0,0,4936374,52,80.44658614,14729271.25,972818,8466715.54,331230.85,8797946.39,40241683,3564688,3358024,128655,0,4315159,8438785,8186893,36420791,26049160,0
2023-10-22,278400.89,60970.81,9870.23,0,2511.58,33287.37,0,44648.06,18145.77,99110.97,170617.58,0,0,2562740,47,38.97558162,15137589.58,906343,7761096.575,276196.12,8037292.695,41131805,3883971,3265215,148806,0,3938954,6139104,5913345,21166757,18664820,0
2023-10-29,276657.43,61014.57,9547.37,0,2320.61,37714.58,0,54437.71,17466.67,34812.62,142097.84,0,0,2083408,45,30.60092085,15498969.04,858393,8352018.292,271722.91,8623741.202,47971529,4558620,2563061,160611,0,5567825,7950248,7332753,4916094,11042742,0
2023-11-05,274016.88,56262.07,7833.05,0,3040.62,33562.17,0,59077.01,14768.87,35890.93,133760.93,0,0,2078567,47,30.5163412,15825954.19,872499,7900321.783,403522.57,8303844.353,44399531,4556774,1604643,156745,0,4158596,8318539,6955776,4374695,9918567,0
2023-11-12,213652.75,41565.1,4160.74,0,3189.9,54460.08,0,88166.48,24792.69,85234.25,173236.43,0,1,2121175,51,31.26076792,18750247.7,966928,8721309.865,476430.5,9197740.365,39953819,4043643,668951,151310,0,5248242,9209815,15942511,9941719,13438015,0
2023-11-19,206211.19,42709.94,3009.66,0,5163.79,90732.9,0,143082.9,81925.21,226635.53,355769.84,0,1,2735443,78,41.99296631,40139604.06,2103524,18804983.81,789859.56,19594843.37,65527328,3450139,372636,163029,0,5944884,10136208,46384519,21880147,26881257,0
2023-11-26,161738.34,32843.97,1868.11,0,7469.63,77829.93,0,107400.59,54862.75,91115.74,254498.47,0,1,5353699,62,87.73789009,26303391.1,1525865,13774181.66,543530.02,14317711.68,56454121,3637547,256264,700896,0,5605215,9642032,31909863,9624564,26005891,0
2023-12-03,107699.1,10519.54,482.86,0,2976.32,59204.98,0,63671.43,32118.74,45131.53,109667.01,0,0,4039068,51,64.7692824,17014844.75,986025,10109200.1,335083.64,10444283.74,30920458,1326813,79186,235964,0,5598548,7372532,17909857,6850309,12177843,0
2023-12-10,93271.99,1642.53,6.92,0,2891.12,45606.32,0,61414.32,34964.8,157214.37,90736.81,0,0,2220806,51,33.00147337,19277746.73,991894,10968138.26,343749.39,11311887.65,21427039,148141,1200,99854,0,4365848,7199893,13678838,21046337,11132949,0
2023-12-17,92615.97,2028.97,6.99,0,2597.87,33656.61,0,60149.38,37449.4,110047.32,72287.49,0,0,2311666,50,34.58893609,16590427.04,1059323,9410659.641,298052.34,9708711.981,21541785,148908,1269,143257,0,5784705,8082931,23559411,16265750,9859097,0
2023-12-24,93951.42,2516.08,7,0,3119.16,40705.67,0,54259.63,25958.7,226399.15,40496.7,0,0,2344451,61,35.16174002,14784787.44,1074009,8594570.99,343780.6,8938351.59,26658677,220293,1166,204469,0,5289072,8510548,18551527,15706288,8463804,0
2023-12-31,94186.64,4349.31,197.56,0,2491.14,25495.33,0,8981.04,3822.21,29024.82,23110.73,0,0,2359218,46,35.41974202,18011621.1,860807,8315078.98,276781.87,8591860.85,28008431,451960,46468,224622,0,2495695,2301998,3647269,4114001,6610905,0
2024-01-7,119322.79,13043.19,348.35,0,1981.75,41078.15,8332.15,19138.13,8014.89,22171.33,40935.44,0,0,2358576,51,35.4085253,14838754.56,840411,8098716.059,400430.73,8499146.789,25208648,913876,81657,93569,0,4400828,3676984,6643315,3807090,7793475,0
2024-01-14,150325.59,18605.18,348.94,0,2013.31,29798.31,0,19991.42,9988.09,51009.99,42437.72,0,0,2037850,42,29.80495314,14249339.97,789046,7644254.371,339116.5,7983370.871,27553958,1415920,84298,87338,0,3181045,3532694,9199230,8740984,6716890,0
2024-01-21,165889.83,27429.69,167.46,0,1917.48,30924.45,0,15887.04,8340.8,77164.94,36536.57,0,0,1838588,39,26.32354223,14601379.98,782153,8080688.55,278979.6,8359668.15,31250515,2395161,37781,78136,0,2988725,2777079,8790382,11310992,4362331,0
2024-01-28,199604.54,24497.3,35.45,0,1832.12,28435.47,0,17785.68,6527.39,56326.75,28035.01,0,0,1854784,45,26.60651104,16547664.07,784862,8267513.299,321160.88,8588674.179,38587469,2341250,9120,68454,0,2859395,2661315,6603388,7550000,4228621,0
2024-02-04,206789.82,25314.26,438.18,0,1763.35,25915.36,0,18859.27,5007.81,52460.55,29222.44,0,0,2064975,44,30.27886824,14746740.13,748981,8134436.626,247630.33,8382066.956,34515864,2278411,115815,75603,0,2656072,2611371,3883003,7900134,3703864,0
2024-02-11,212695.25,25435.71,422.96,0,1727.77,29043.96,257.46,24511.81,7949.01,41201.36,31102.05,0,0,1927099,42,27.86996434,14366884.12,712903,7962614.303,249984.25,8212598.553,32669209,2162410,87500,85353,0,2787881,3583549,5933716,6636050,4312521,0
2024-02-18,258178.9,26885.23,168.67,0,1505.97,23930.01,342.33,15943.85,4345.16,43344,32286.26,0,0,1742395,52,24.64290388,14796169.32,775203,8218116.172,308376.25,8526492.422,38301560,2314408,34897,72070,0,2347816,2483759,4254020,5798222,5243707,0
2024-02-25,279248.18,23715.09,455.75,0,2326.18,30255.67,529.46,19118.23,3557.85,60240.18,42033.15,0,0,1856435,45,26.63535653,16982264.7,751406,8477344.66,284942.75,8762287.41,43543545,2445278,60993,123281,0,2872054,2947992,3452250,7724192,6997325,0
2024-03-03,296013.08,24194.6,1470.47,0,2561.48,32831.77,219.65,18264.14,4134.49,51478.98,50360.33,0,0,2016365,48,29.42957744,16983775.93,745267,8524615.013,245449.69,8770064.703,52203549,2445605,258183,112935,0,2943746,2798209,4124991,6954978,6992265,0
2024-03-10,283031.82,24183.73,1506.12,0,2913.74,31650.52,217.18,18877.11,4957.97,51361.28,63341.62,0,0,1972818,43,28.66874496,15353738.46,731610,8169636.462,309959.98,8479596.442,48876217,2533885,232795,348792,0,3279739,2518535,6262555,5321839,6784763,0
2024-03-17,277080.8,24741.01,769.25,0,3766.71,48399.71,214.8,40272.74,9609.81,65162.66,128177.14,0,0,1784341,48,25.37576444,18265382.75,821389,9395588.469,352276.93,9747865.399,56553248,2575414,140960,794515,0,4160890,4061500,11856506,8150836,10091320,0
2024-03-24,252041.74,23993.46,353.15,0,4317.77,44865.03,189.65,29845.3,8612.27,52285.33,80462.6,0,0,2171330,49,32.13705223,16527401.08,778596,8223410.679,357183.23,8580593.909,51269452,2264600,63542,1006903,0,3881870,3413641,12722652,4506907,7370003,0
2024-03-31,273097.82,26094.44,348.1,0,3396.83,45855.4,328.03,31060.31,5880,19441.29,66834.02,0,0,2113784,45,31.13163588,16411033.76,767751,8755763.412,314961.11,9070724.522,59641933,2689368,70591,439144,0,3814329,3974409,8717662,2168917,7510052,0
2024-04-07,240032.42,27125.61,461.12,0,1856.84,37353.46,290.79,27896.8,5365.78,13041.58,62575.29,0,0,1973953,52,28.68857514,15159161.37,744700,8422514.553,267853.13,8690367.683,61263550,2845711,46119,66043,0,3893162,3719902,5063571,1548290,7129565,0
2024-04-14,239294.7,34041.34,784.58,0,1824.48,42090.61,397.33,56910.57,9358.11,26108.92,90540.01,0,0,1808062,48,25.79020648,17139935.9,758342,8814354.398,361200.21,9175554.608,67720199,3343592,274002,60524,0,3383684,6731909,10128822,3492364,9456692,0
2024-04-21,241275.17,37227.16,1101.04,0,1858.19,42797.74,356.55,31105.15,3068.39,34152.04,58203.15,0,0,1964597,50,28.52511156,16076125.87,743336,8402127.318,411732.47,8813859.788,53768146,3455091,351578,69158,0,3337501,3653010,3412316,2591082,5882099,0
2024-04-28,267082.47,37004.88,1016.04,0,1742.39,34613.75,585.34,21700.69,4629.55,73517.01,30510.19,104461.5531,0,1994717,45,29.05135388,15188587.76,718962,8465629,226967.9,8692596.9,51742065,4191714,362689,89663,0,2698924,2649437,3980960,5639819,3209066,602953
2024-05-05,237333.97,38421.27,407.95,0,1448.46,29123.93,710.82,13945.28,6473.9,47171.23,61856.46,180228.6292,0,1827378,48,26.12768644,15148325.72,614555,8292130.28,260910,8553040.28,41365293,4090309,62987,70601,0,2255313,1759272,4775766,3738056,7229044,4106065
2024-05-12,277426.02,43705.6,600.78,0,1747.42,34874.11,805.69,20678.05,7480.9,138605.24,52234.67,176248.753,0,1562289,48,21.49617749,16212183.87,759364,9091854.3,329069.28,9420923.58,53026887,4532697,83712,71664,0,2724634,2616984,5894653,14269242,5234096,4106065
2024-05-19,298281.39,43749.72,707.65,0,2519.39,41787.99,715.51,29135.86,9854.4,66142.22,44987.84,136510.4378,0,1847620,55,26.48134504,16892183.02,790174,9269877.27,348543.46,9618420.73,54313158,4655754,118865,54842,0,3657149,3810084,6314618,5566237,4001906,4106065
2024-05-26,278111.01,40636.5,459.71,0,2846.91,53616.86,654.95,29943.86,16822.7,55818.59,54451.21,134798.7455,0,1925763,56,27.84662238,17817800.39,863923,9207151.88,321302.11,9528453.99,49012334,4762135,64305,70431,0,4926822,3844385,11933805,4552722,4658109,4106065
2024-06-02,238044.74,38942.16,365.21,47922.88,2316.68,42519.01,757.67,21786.61,15672.01,17568.81,61696.53,297825.5404,0,2236113,54,33.26891,17322233.15,793353,9007558.17,274964.16,9282522.33,39147371,4104169,55477,54763,5091263,3785420,2633207,10305955,1422512,4841099,3757651
2024-06-09,259490.57,41486.74,439.02,177329.76,1145.79,29344.73,737.26,38569.77,9217.43,10525.57,63059.75,169215.7072,0,2148066,57,31.73059468,17927031.94,823150,9557208.92,283500.4,9840709.32,42138243,4457379,70011,18366,19082541,2882450,4080766,5485360,699715,5462789,7515303
2024-06-16,242335.96,40631.01,411.1,0,1016.6,26751.18,705.81,38737.69,7765.16,86373.92,56523,0,0,2028309,57,29.63825733,18021743.6,866952,9532292.35,313676.76,9845969.11,39355687,4284670,64746,16508,0,3088564,4388679,4860625,11196358,4981956,0
2024-06-23,236770.72,40654.45,307.11,0,951.41,26360.71,1015.4,23034.48,7525.51,6740.57,47045.95,0,0,2078533,54,30.51574717,16559241.33,801468,8935099.89,263663.21,9198763.1,39742360,3991984,56634,19704,0,3017002,2763464,4102247,237628,4304586,0
2024-06-30,208972.02,38972.69,897.5,19449.49,1906.81,27083.85,758.45,23109.71,10119.89,4636.26,74620.68,0,0,2063128,55,30.24659834,15412330.43,832106,7808480.8,279159.89,8087640.69,29819203,4204584,102453,24437,1985077,3961632,2827131,7151450,172058,7171220,0
2024-07-07,213248.14,39376.13,851.49,9042.39,1222.15,24157.01,663.42,23543.09,8941.84,27410.22,151557.88,0,0,2107449,67,31.02095377,18747823.54,919712,8274998.56,272777.54,8547776.1,31268638,4748455,111888,13936,1934207,3982126,2544935,5895381,2699046,14003349,0
2024-07-14,288386.95,54977.01,4492.08,16854.14,2372.59,31938.2,2960.43,101266.22,15863.43,12722.96,255972.21,0,1,2936413,81,45.50421859,43224359.46,1935257,22649109.63,393864.77,23042974.4,43957888,5134885,388500,25202,4638659,4652315,8943021,6919263,1198507,24921812,0
2024-07-21,182319.79,38341.01,591.02,4229.81,1633.07,23658.18,465.9,70865.01,7258.92,1445.87,67271.11,0,0,6055533,57,100,15325005.63,851718,8611992.85,197812.7,8809805.55,26936648,4654078,126494,22716,1631507,3225890,6931593,2400988,65466,7831914,0
2024-07-28,194955.6,36055.92,1625.47,1327.73,1412.87,19157.86,397.53,40981.1,2972.42,2287.86,50482.45,0,0,2102942,51,30.94220961,16664960.83,791792,9082417.44,216289.23,9298706.67,28472645,4572251,405334,17204,307309,2578462,3983081,1190128,85081,6409180,0
2024-08-04,235832.02,42258.71,2980.8,5020.55,836.51,54043.9,30276.7,22089.95,2048.55,3022.06,41695.07,0,0,1972168,52,28.65738847,19318858.04,810792,9213311.46,591746.97,9805058.43,35770412,4803672,521861,14286,1057470,7565030,2602427,1516986,103761,4705841,0
2024-08-11,293429.41,49860.87,6092.32,9667.19,733.48,40180.36,18869.01,42068.86,4286.34,1858.84,45252.67,0,0,2166513,57,32.0528919,19292372.31,891823,10383302.84,377891.05,10761193.89,45065017,5312150,789907,15266,1112428,4304817,4878495,3336283,63706,4647118,0
2024-08-18,282470.84,47359.63,5839.17,8932.13,1105.69,48705.13,26178.13,49827.97,5621.55,12667.64,48305.12,0,0,2372436,57,35.65068063,18422987.76,851883,9761865.17,346389.51,10108254.68,45421879,5097697,800253,22045,2745684,4955232,5445205,3180641,766329,4640938,0
2024-08-25,309947.37,46633.64,6467.11,18960.1,1710.21,49102.1,12838.61,59010.82,6061.43,3674.15,53258.74,0,0,2144324,53,31.66521624,19440515.62,858402,9623052.5,319773.03,9942825.53,44337728,5043833,815110,24469,6992699,5270472,6237985,3248621,112283,7360067,0
2024-09-01,337094.13,49615.85,7190.26,15375.06,1808.55,34086.41,938.03,54430.88,7913.13,3873.9,57230.7,0,0,2444976,55,36.91806501,19185639.23,857132,9439587.95,369182.64,9808770.59,43679510,4895867,906022,17482,4554185,4949900,7095093,3544930,141748,6165012,0
2024-09-08,397935.7,63485.33,7206.55,52473.59,1809.47,37713.29,474.99,65128.59,9559.79,4795.84,85979.04,0,0,2389277,59,35.94491857,19934371.68,931408,10585864.13,409242.61,10995106.74,53647306,5841672,828725,19776,17772529,4777437,7041836,4703653,180390,9562863,0
2024-09-15,409715.07,65703.56,7348.84,53847.03,1778.4,39706.45,426.08,68526.12,14012.24,52519.31,83012.64,0,0,2325883,52,34.83732875,20649386.53,1022282,11298380.47,423982.09,11722362.56,57261100,6187362,884259,24902,28185020,3805634,6495588,5898593,5437041,11567131,0
2024-09-22,353824.98,68659.74,6163.37,55527.26,1969.22,34785.25,403.05,76285.02,20236.04,194415.78,84555.66,0,0,2450920,55,37.02191576,21048171.21,1110990,11276954.17,378211.18,11655165.35,45556033,6220915,795272,29740,15928177,4095505,7867314,8451740,27299479,10760938,0
2024-09-29,322102.44,68420.75,6348.17,56607.6,2055.67,34140.62,420.54,56702.12,18696.15,10817.6,287078.65,0,0,2583609,58,39.34019487,19259795.2,1012286,10569645.83,361059.42,10930705.25,45602236,6127170,816344,39885,16558137,3686613,6734155,10496642,1064112,20476248,0
2024-10-06,462227.85,88154.82,13281.02,43486.35,2018.24,35786.69,1890.88,76120.03,15510.05,16739.62,284059.05,0,1,2496919,80,37.82558841,33823079.45,1930356,20608927.76,491654.84,21100582.6,59132854,7327610,1188184,35196,12606473,3114210,8116018,8501697,1841183,22223604,0
2024-10-13,347629.86,63144.75,6883.27,29020.67,1779.03,34805.05,1390.84,57759.48,10054.98,6994.05,74137.01,0,0,4653078,59,75.49697315,24622473.77,961283,10856711.5,351856.05,11208567.55,42326629,5857641,949569,22301,9320742,3387110,6547428,5995000,521563,7611835,0
2024-10-20,304429.55,58543.56,4666.48,31282.62,2162.48,34173.37,141.67,56000.86,9358.65,10948.64,84169.77,0,0,3253792,55,51.04931355,18633740.59,899469,10205886.72,366612.38,10572499.1,39923978,5564636,572547,22670,17685721,3608599,8213295,3484204,523744,9011521,0
2024-10-27,269018.3,45081.57,4711.45,48411.47,2281.06,32424.92,139.38,74127.79,8546.98,9616.94,124113.61,43596.0421,0,2588313,51,39.42238092,17469656.72,860441,9006697.06,349269.83,9355966.89,30223894,5042502,556277,27713,38340725,3721099,8710487,3035153,500760,12355963,0
2024-11-03,237270.59,45015.47,4013.46,67758.77,2253.52,37754.51,283.77,115027.2,7338.39,6784.8,177939.22,164332.16,0,2096166,53,30.82382256,19057771.56,889096,9231722.13,451951.66,9683673.79,30486057,4865853,643304,30018,40791878,3882463,13737746,3546819,388458,19244776,5272788
2024-11-10,254145.95,47326.54,5015.02,57107.01,2683.68,41613.18,301.5,125771.98,6404.07,4199.76,158647.73,204545.5195,0,2195089,56,32.55215818,19856768.34,995944,10406468.54,473982.31,10880450.85,51667660,4867448,759842,28553,23457123,4262677,12041741,2402150,104361,14602539,5272788
2024-11-17,310433.65,64857.21,9520.89,40566.69,1744.08,50537.76,293.76,184739.3,7794.35,4118.53,233230.5,232617.8621,1,2317349,64,34.68822676,29366577.66,1386275,16122120.07,723211.8,16845331.87,65185154,5373942,732862,20497,11262755,4778062,19729963,2017552,115799,21508771,5272788
2024-11-24,423626.58,82249.1,12519.62,276342.6,4609.13,61137.34,276.71,389744.68,12426.24,10737.83,475962.68,267424.6104,1,3529483,100,55.86605561,53461251.35,2114452,24980577.65,1233939.67,26214517.32,103843960,6720471,701892,31662,33431948,5506249,34276963,1808010,729567,37221715,5272788
2024-12-01,230939.28,49536.16,4945.98,378118.32,4055.24,68060.43,290.62,197115.63,3665.59,247,249066.38,218696.8688,1,5566026,85,91.44756647,35222331.08,1529678,16166397.14,869616.23,17036013.37,42465826,4621024,667474,43978,41027490,5795237,17400901,957933,3636,24721460,4097343
2024-12-08,223380.89,41442.41,3567.4,124233.92,3252.24,49659.52,288.16,151792.56,1031.04,0,258595.22,283109.256,0,4069114,70,65.29423183,25707509.25,1134496,14541920.65,582461.38,15124382.03,36996434,4455898,475874,41598,13432379,4583213,12544885,415197,0,28552896,4097343
2024-12-15,192079.83,36902.17,2399.81,0,2335.24,42972.42,281.75,194472.27,0,0,193841.26,30438.8175,0,2548330,65,38.72381696,23383175.11,1161950,12922108.89,437285.44,13359394.33,29375408,4067650,337127,38424,0,5421324,16789029,0,0,25308369,4097343
2024-12-22,204886.64,35825.35,2567.96,0,1890.17,40565.12,190.48,121208.37,0,0,115667.33,0,0,2546083,72,38.68455844,17687461.44,1125071,9907911.48,339730.37,10247641.85,26439204,4211978,282726,34026,0,5262732,12813336,0,0,17975370,0
2024-12-29,54335.32,9932.93,968.13,0,617.54,12664.05,99.96,28626.03,0,0,31492.58,0,0,2447738,64,36.96632137,4906475.72,1021472,2884756,109811.15,2994567.15,7464823,1123734,129422,12564,0,1645756,3371860,0,0,5683658,0
